pantone_id,pantone_code,pantone_suffix,pantone_label,is_active
PANTONE_100_C,100,C,PANTONE 100 C,1
PANTONE_101_C,101,C,PANTONE 101 C,1
PANTONE_102_C,102,C,PANTONE 102 C,1
PANTONE_103_C,103,C,PANTONE 103 C,1
PANTONE_104_C,104,C,PANTONE 104 C,1
PANTONE_105_C,105,C,PANTONE 105 C,1
PANTONE_106_C,106,C,PANTONE 106 C,1
PANTONE_107_C,107,C,PANTONE 107 C,1
PANTONE_108_C,108,C,PANTONE 108 C,1
PANTONE_109_C,109,C,PANTONE 109 C,1
PANTONE_110_C,110,C,PANTONE 110 C,1
PANTONE_111_C,111,C,PANTONE 111 C,1
PANTONE_112_C,112,C,PANTONE 112 C,1
PANTONE_113_C,113,C,PANTONE 113 C,1
PANTONE_114_C,114,C,PANTONE 114 C,1
PANTONE_115_C,115,C,PANTONE 115 C,1
PANTONE_116_C,116,C,PANTONE 116 C,1
PANTONE_117_C,117,C,PANTONE 117 C,1
PANTONE_118_C,118,C,PANTONE 118 C,1
PANTONE_119_C,119,C,PANTONE 119 C,1
PANTONE_120_C,120,C,PANTONE 120 C,1
PANTONE_121_C,121,C,PANTONE 121 C,1
PANTONE_122_C,122,C,PANTONE 122 C,1
PANTONE_123_C,123,C,PANTONE 123 C,1
PANTONE_124_C,124,C,PANTONE 124 C,1
PANTONE_125_C,125,C,PANTONE 125 C,1
PANTONE_126_C,126,C,PANTONE 126 C,1
PANTONE_127_C,127,C,PANTONE 127 C,1
PANTONE_128_C,128,C,PANTONE 128 C,1
PANTONE_129_C,129,C,PANTONE 129 C,1
PANTONE_130_C,130,C,PANTONE 130 C,1
PANTONE_131_C,131,C,PANTONE 131 C,1
PANTONE_132_C,132,C,PANTONE 132 C,1
PANTONE_133_C,133,C,PANTONE 133 C,1
PANTONE_134_C,134,C,PANTONE 134 C,1
PANTONE_135_C,135,C,PANTONE 135 C,1
PANTONE_136_C,136,C,PANTONE 136 C,1
PANTONE_137_C,137,C,PANTONE 137 C,1
PANTONE_138_C,138,C,PANTONE 138 C,1
PANTONE_139_C,139,C,PANTONE 139 C,1
PANTONE_140_C,140,C,PANTONE 140 C,1
PANTONE_141_C,141,C,PANTONE 141 C,1
PANTONE_142_C,142,C,PANTONE 142 C,1
PANTONE_143_C,143,C,PANTONE 143 C,1
PANTONE_144_C,144,C,PANTONE 144 C,1
PANTONE_145_C,145,C,PANTONE 145 C,1
PANTONE_146_C,146,C,PANTONE 146 C,1
PANTONE_147_C,147,C,PANTONE 147 C,1
PANTONE_148_C,148,C,PANTONE 148 C,1
PANTONE_149_C,149,C,PANTONE 149 C,1
PANTONE_150_C,150,C,PANTONE 150 C,1
PANTONE_151_C,151,C,PANTONE 151 C,1
PANTONE_152_C,152,C,PANTONE 152 C,1
PANTONE_153_C,153,C,PANTONE 153 C,1
PANTONE_154_C,154,C,PANTONE 154 C,1
PANTONE_155_C,155,C,PANTONE 155 C,1
PANTONE_156_C,156,C,PANTONE 156 C,1
PANTONE_157_C,157,C,PANTONE 157 C,1
PANTONE_158_C,158,C,PANTONE 158 C,1
PANTONE_159_C,159,C,PANTONE 159 C,1
PANTONE_160_C,160,C,PANTONE 160 C,1
PANTONE_161_C,161,C,PANTONE 161 C,1
PANTONE_162_C,162,C,PANTONE 162 C,1
PANTONE_163_C,163,C,PANTONE 163 C,1
PANTONE_164_C,164,C,PANTONE 164 C,1
PANTONE_165_C,165,C,PANTONE 165 C,1
PANTONE_166_C,166,C,PANTONE 166 C,1
PANTONE_167_C,167,C,PANTONE 167 C,1
PANTONE_168_C,168,C,PANTONE 168 C,1
PANTONE_169_C,169,C,PANTONE 169 C,1
PANTONE_170_C,170,C,PANTONE 170 C,1
PANTONE_171_C,171,C,PANTONE 171 C,1
PANTONE_172_C,172,C,PANTONE 172 C,1
PANTONE_173_C,173,C,PANTONE 173 C,1
PANTONE_174_C,174,C,PANTONE 174 C,1
PANTONE_175_C,175,C,PANTONE 175 C,1
PANTONE_176_C,176,C,PANTONE 176 C,1
PANTONE_177_C,177,C,PANTONE 177 C,1
PANTONE_178_C,178,C,PANTONE 178 C,1
PANTONE_179_C,179,C,PANTONE 179 C,1
PANTONE_180_C,180,C,PANTONE 180 C,1
PANTONE_181_C,181,C,PANTONE 181 C,1
PANTONE_182_C,182,C,PANTONE 182 C,1
PANTONE_183_C,183,C,PANTONE 183 C,1
PANTONE_184_C,184,C,PANTONE 184 C,1
PANTONE_185_C,185,C,PANTONE 185 C,1
PANTONE_186_C,186,C,PANTONE 186 C,1
PANTONE_187_C,187,C,PANTONE 187 C,1
PANTONE_188_C,188,C,PANTONE 188 C,1
PANTONE_189_C,189,C,PANTONE 189 C,1
PANTONE_190_C,190,C,PANTONE 190 C,1
PANTONE_191_C,191,C,PANTONE 191 C,1
PANTONE_192_C,192,C,PANTONE 192 C,1
PANTONE_193_C,193,C,PANTONE 193 C,1
PANTONE_194_C,194,C,PANTONE 194 C,1
PANTONE_195_C,195,C,PANTONE 195 C,1
PANTONE_196_C,196,C,PANTONE 196 C,1
PANTONE_197_C,197,C,PANTONE 197 C,1
PANTONE_198_C,198,C,PANTONE 198 C,1
PANTONE_199_C,199,C,PANTONE 199 C,1
PANTONE_200_C,200,C,PANTONE 200 C,1
PANTONE_201_C,201,C,PANTONE 201 C,1
PANTONE_202_C,202,C,PANTONE 202 C,1
PANTONE_203_C,203,C,PANTONE 203 C,1
PANTONE_204_C,204,C,PANTONE 204 C,1
PANTONE_205_C,205,C,PANTONE 205 C,1
PANTONE_206_C,206,C,PANTONE 206 C,1
PANTONE_207_C,207,C,PANTONE 207 C,1
PANTONE_208_C,208,C,PANTONE 208 C,1
PANTONE_209_C,209,C,PANTONE 209 C,1
PANTONE_210_C,210,C,PANTONE 210 C,1
PANTONE_211_C,211,C,PANTONE 211 C,1
PANTONE_212_C,212,C,PANTONE 212 C,1
PANTONE_213_C,213,C,PANTONE 213 C,1
PANTONE_214_C,214,C,PANTONE 214 C,1
PANTONE_215_C,215,C,PANTONE 215 C,1
PANTONE_216_C,216,C,PANTONE 216 C,1
PANTONE_217_C,217,C,PANTONE 217 C,1
PANTONE_218_C,218,C,PANTONE 218 C,1
PANTONE_219_C,219,C,PANTONE 219 C,1
PANTONE_220_C,220,C,PANTONE 220 C,1
PANTONE_221_C,221,C,PANTONE 221 C,1
PANTONE_222_C,222,C,PANTONE 222 C,1
PANTONE_223_C,223,C,PANTONE 223 C,1
PANTONE_224_C,224,C,PANTONE 224 C,1
PANTONE_225_C,225,C,PANTONE 225 C,1
PANTONE_226_C,226,C,PANTONE 226 C,1
PANTONE_227_C,227,C,PANTONE 227 C,1
PANTONE_228_C,228,C,PANTONE 228 C,1
PANTONE_229_C,229,C,PANTONE 229 C,1
PANTONE_230_C,230,C,PANTONE 230 C,1
PANTONE_231_C,231,C,PANTONE 231 C,1
PANTONE_232_C,232,C,PANTONE 232 C,1
PANTONE_233_C,233,C,PANTONE 233 C,1
PANTONE_234_C,234,C,PANTONE 234 C,1
PANTONE_235_C,235,C,PANTONE 235 C,1
PANTONE_236_C,236,C,PANTONE 236 C,1
PANTONE_237_C,237,C,PANTONE 237 C,1
PANTONE_238_C,238,C,PANTONE 238 C,1
PANTONE_239_C,239,C,PANTONE 239 C,1
PANTONE_240_C,240,C,PANTONE 240 C,1
PANTONE_241_C,241,C,PANTONE 241 C,1
PANTONE_242_C,242,C,PANTONE 242 C,1
PANTONE_243_C,243,C,PANTONE 243 C,1
PANTONE_244_C,244,C,PANTONE 244 C,1
PANTONE_245_C,245,C,PANTONE 245 C,1
PANTONE_246_C,246,C,PANTONE 246 C,1
PANTONE_247_C,247,C,PANTONE 247 C,1
PANTONE_248_C,248,C,PANTONE 248 C,1
PANTONE_249_C,249,C,PANTONE 249 C,1
PANTONE_250_C,250,C,PANTONE 250 C,1
PANTONE_251_C,251,C,PANTONE 251 C,1
PANTONE_252_C,252,C,PANTONE 252 C,1
PANTONE_253_C,253,C,PANTONE 253 C,1
PANTONE_254_C,254,C,PANTONE 254 C,1
PANTONE_255_C,255,C,PANTONE 255 C,1
PANTONE_256_C,256,C,PANTONE 256 C,1
PANTONE_257_C,257,C,PANTONE 257 C,1
PANTONE_258_C,258,C,PANTONE 258 C,1
PANTONE_259_C,259,C,PANTONE 259 C,1
PANTONE_260_C,260,C,PANTONE 260 C,1
PANTONE_261_C,261,C,PANTONE 261 C,1
PANTONE_262_C,262,C,PANTONE 262 C,1
PANTONE_263_C,263,C,PANTONE 263 C,1
PANTONE_264_C,264,C,PANTONE 264 C,1
PANTONE_265_C,265,C,PANTONE 265 C,1
PANTONE_266_C,266,C,PANTONE 266 C,1
PANTONE_267_C,267,C,PANTONE 267 C,1
PANTONE_268_C,268,C,PANTONE 268 C,1
PANTONE_269_C,269,C,PANTONE 269 C,1
PANTONE_270_C,270,C,PANTONE 270 C,1
PANTONE_271_C,271,C,PANTONE 271 C,1
PANTONE_272_C,272,C,PANTONE 272 C,1
PANTONE_273_C,273,C,PANTONE 273 C,1
PANTONE_274_C,274,C,PANTONE 274 C,1
PANTONE_275_C,275,C,PANTONE 275 C,1
PANTONE_276_C,276,C,PANTONE 276 C,1
PANTONE_277_C,277,C,PANTONE 277 C,1
PANTONE_278_C,278,C,PANTONE 278 C,1
PANTONE_279_C,279,C,PANTONE 279 C,1
PANTONE_280_C,280,C,PANTONE 280 C,1
PANTONE_281_C,281,C,PANTONE 281 C,1
PANTONE_282_C,282,C,PANTONE 282 C,1
PANTONE_283_C,283,C,PANTONE 283 C,1
PANTONE_284_C,284,C,PANTONE 284 C,1
PANTONE_285_C,285,C,PANTONE 285 C,1
PANTONE_286_C,286,C,PANTONE 286 C,1
PANTONE_287_C,287,C,PANTONE 287 C,1
PANTONE_288_C,288,C,PANTONE 288 C,1
PANTONE_289_C,289,C,PANTONE 289 C,1
PANTONE_290_C,290,C,PANTONE 290 C,1
PANTONE_291_C,291,C,PANTONE 291 C,1
PANTONE_292_C,292,C,PANTONE 292 C,1
PANTONE_293_C,293,C,PANTONE 293 C,1
PANTONE_294_C,294,C,PANTONE 294 C,1
PANTONE_295_C,295,C,PANTONE 295 C,1
PANTONE_296_C,296,C,PANTONE 296 C,1
PANTONE_297_C,297,C,PANTONE 297 C,1
PANTONE_298_C,298,C,PANTONE 298 C,1
PANTONE_299_C,299,C,PANTONE 299 C,1
PANTONE_300_C,300,C,PANTONE 300 C,1
PANTONE_301_C,301,C,PANTONE 301 C,1
PANTONE_302_C,302,C,PANTONE 302 C,1
PANTONE_303_C,303,C,PANTONE 303 C,1
PANTONE_304_C,304,C,PANTONE 304 C,1
PANTONE_305_C,305,C,PANTONE 305 C,1
PANTONE_306_C,306,C,PANTONE 306 C,1
PANTONE_307_C,307,C,PANTONE 307 C,1
PANTONE_308_C,308,C,PANTONE 308 C,1
PANTONE_309_C,309,C,PANTONE 309 C,1
PANTONE_310_C,310,C,PANTONE 310 C,1
PANTONE_311_C,311,C,PANTONE 311 C,1
PANTONE_312_C,312,C,PANTONE 312 C,1
PANTONE_313_C,313,C,PANTONE 313 C,1
PANTONE_314_C,314,C,PANTONE 314 C,1
PANTONE_315_C,315,C,PANTONE 315 C,1
PANTONE_316_C,316,C,PANTONE 316 C,1
PANTONE_317_C,317,C,PANTONE 317 C,1
PANTONE_318_C,318,C,PANTONE 318 C,1
PANTONE_319_C,319,C,PANTONE 319 C,1
PANTONE_320_C,320,C,PANTONE 320 C,1
PANTONE_321_C,321,C,PANTONE 321 C,1
PANTONE_322_C,322,C,PANTONE 322 C,1
PANTONE_323_C,323,C,PANTONE 323 C,1
PANTONE_324_C,324,C,PANTONE 324 C,1
PANTONE_325_C,325,C,PANTONE 325 C,1
PANTONE_326_C,326,C,PANTONE 326 C,1
PANTONE_327_C,327,C,PANTONE 327 C,1
PANTONE_328_C,328,C,PANTONE 328 C,1
PANTONE_329_C,329,C,PANTONE 329 C,1
PANTONE_330_C,330,C,PANTONE 330 C,1
PANTONE_331_C,331,C,PANTONE 331 C,1
PANTONE_332_C,332,C,PANTONE 332 C,1
PANTONE_333_C,333,C,PANTONE 333 C,1
PANTONE_334_C,334,C,PANTONE 334 C,1
PANTONE_335_C,335,C,PANTONE 335 C,1
PANTONE_336_C,336,C,PANTONE 336 C,1
PANTONE_337_C,337,C,PANTONE 337 C,1
PANTONE_338_C,338,C,PANTONE 338 C,1
PANTONE_339_C,339,C,PANTONE 339 C,1
PANTONE_340_C,340,C,PANTONE 340 C,1
PANTONE_341_C,341,C,PANTONE 341 C,1
PANTONE_342_C,342,C,PANTONE 342 C,1
PANTONE_343_C,343,C,PANTONE 343 C,1
PANTONE_344_C,344,C,PANTONE 344 C,1
PANTONE_345_C,345,C,PANTONE 345 C,1
PANTONE_346_C,346,C,PANTONE 346 C,1
PANTONE_347_C,347,C,PANTONE 347 C,1
PANTONE_348_C,348,C,PANTONE 348 C,1
PANTONE_349_C,349,C,PANTONE 349 C,1
PANTONE_350_C,350,C,PANTONE 350 C,1
PANTONE_351_C,351,C,PANTONE 351 C,1
PANTONE_352_C,352,C,PANTONE 352 C,1
PANTONE_353_C,353,C,PANTONE 353 C,1
PANTONE_354_C,354,C,PANTONE 354 C,1
PANTONE_355_C,355,C,PANTONE 355 C,1
PANTONE_356_C,356,C,PANTONE 356 C,1
PANTONE_357_C,357,C,PANTONE 357 C,1
PANTONE_358_C,358,C,PANTONE 358 C,1
PANTONE_359_C,359,C,PANTONE 359 C,1
PANTONE_360_C,360,C,PANTONE 360 C,1
PANTONE_361_C,361,C,PANTONE 361 C,1
PANTONE_362_C,362,C,PANTONE 362 C,1
PANTONE_363_C,363,C,PANTONE 363 C,1
PANTONE_364_C,364,C,PANTONE 364 C,1
PANTONE_365_C,365,C,PANTONE 365 C,1
PANTONE_366_C,366,C,PANTONE 366 C,1
PANTONE_367_C,367,C,PANTONE 367 C,1
PANTONE_368_C,368,C,PANTONE 368 C,1
PANTONE_369_C,369,C,PANTONE 369 C,1
PANTONE_370_C,370,C,PANTONE 370 C,1
PANTONE_371_C,371,C,PANTONE 371 C,1
PANTONE_372_C,372,C,PANTONE 372 C,1
PANTONE_373_C,373,C,PANTONE 373 C,1
PANTONE_374_C,374,C,PANTONE 374 C,1
PANTONE_375_C,375,C,PANTONE 375 C,1
PANTONE_376_C,376,C,PANTONE 376 C,1
PANTONE_377_C,377,C,PANTONE 377 C,1
PANTONE_378_C,378,C,PANTONE 378 C,1
PANTONE_379_C,379,C,PANTONE 379 C,1
PANTONE_380_C,380,C,PANTONE 380 C,1
PANTONE_381_C,381,C,PANTONE 381 C,1
PANTONE_382_C,382,C,PANTONE 382 C,1
PANTONE_383_C,383,C,PANTONE 383 C,1
PANTONE_384_C,384,C,PANTONE 384 C,1
PANTONE_385_C,385,C,PANTONE 385 C,1
PANTONE_386_C,386,C,PANTONE 386 C,1
PANTONE_387_C,387,C,PANTONE 387 C,1
PANTONE_388_C,388,C,PANTONE 388 C,1
PANTONE_389_C,389,C,PANTONE 389 C,1
PANTONE_390_C,390,C,PANTONE 390 C,1
PANTONE_391_C,391,C,PANTONE 391 C,1
PANTONE_392_C,392,C,PANTONE 392 C,1
PANTONE_393_C,393,C,PANTONE 393 C,1
PANTONE_394_C,394,C,PANTONE 394 C,1
PANTONE_395_C,395,C,PANTONE 395 C,1
PANTONE_396_C,396,C,PANTONE 396 C,1
PANTONE_397_C,397,C,PANTONE 397 C,1
PANTONE_398_C,398,C,PANTONE 398 C,1
PANTONE_399_C,399,C,PANTONE 399 C,1
PANTONE_400_C,400,C,PANTONE 400 C,1
PANTONE_401_C,401,C,PANTONE 401 C,1
PANTONE_402_C,402,C,PANTONE 402 C,1
PANTONE_403_C,403,C,PANTONE 403 C,1
PANTONE_404_C,404,C,PANTONE 404 C,1
PANTONE_405_C,405,C,PANTONE 405 C,1
PANTONE_406_C,406,C,PANTONE 406 C,1
PANTONE_407_C,407,C,PANTONE 407 C,1
PANTONE_408_C,408,C,PANTONE 408 C,1
PANTONE_409_C,409,C,PANTONE 409 C,1
PANTONE_410_C,410,C,PANTONE 410 C,1
PANTONE_411_C,411,C,PANTONE 411 C,1
PANTONE_412_C,412,C,PANTONE 412 C,1
PANTONE_413_C,413,C,PANTONE 413 C,1
PANTONE_414_C,414,C,PANTONE 414 C,1
PANTONE_415_C,415,C,PANTONE 415 C,1
PANTONE_416_C,416,C,PANTONE 416 C,1
PANTONE_417_C,417,C,PANTONE 417 C,1
PANTONE_418_C,418,C,PANTONE 418 C,1
PANTONE_419_C,419,C,PANTONE 419 C,1
PANTONE_420_C,420,C,PANTONE 420 C,1
PANTONE_421_C,421,C,PANTONE 421 C,1
PANTONE_422_C,422,C,PANTONE 422 C,1
PANTONE_423_C,423,C,PANTONE 423 C,1
PANTONE_424_C,424,C,PANTONE 424 C,1
PANTONE_425_C,425,C,PANTONE 425 C,1
PANTONE_426_C,426,C,PANTONE 426 C,1
PANTONE_427_C,427,C,PANTONE 427 C,1
PANTONE_428_C,428,C,PANTONE 428 C,1
PANTONE_429_C,429,C,PANTONE 429 C,1
PANTONE_430_C,430,C,PANTONE 430 C,1
PANTONE_431_C,431,C,PANTONE 431 C,1
PANTONE_432_C,432,C,PANTONE 432 C,1
PANTONE_433_C,433,C,PANTONE 433 C,1
PANTONE_434_C,434,C,PANTONE 434 C,1
PANTONE_435_C,435,C,PANTONE 435 C,1
PANTONE_436_C,436,C,PANTONE 436 C,1
PANTONE_437_C,437,C,PANTONE 437 C,1
PANTONE_438_C,438,C,PANTONE 438 C,1
PANTONE_439_C,439,C,PANTONE 439 C,1
PANTONE_440_C,440,C,PANTONE 440 C,1
PANTONE_441_C,441,C,PANTONE 441 C,1
PANTONE_442_C,442,C,PANTONE 442 C,1
PANTONE_443_C,443,C,PANTONE 443 C,1
PANTONE_444_C,444,C,PANTONE 444 C,1
PANTONE_445_C,445,C,PANTONE 445 C,1
PANTONE_446_C,446,C,PANTONE 446 C,1
PANTONE_447_C,447,C,PANTONE 447 C,1
PANTONE_448_C,448,C,PANTONE 448 C,1
PANTONE_449_C,449,C,PANTONE 449 C,1
PANTONE_450_C,450,C,PANTONE 450 C,1
PANTONE_451_C,451,C,PANTONE 451 C,1
PANTONE_452_C,452,C,PANTONE 452 C,1
PANTONE_453_C,453,C,PANTONE 453 C,1
PANTONE_454_C,454,C,PANTONE 454 C,1
PANTONE_455_C,455,C,PANTONE 455 C,1
PANTONE_456_C,456,C,PANTONE 456 C,1
PANTONE_457_C,457,C,PANTONE 457 C,1
PANTONE_458_C,458,C,PANTONE 458 C,1
PANTONE_459_C,459,C,PANTONE 459 C,1
PANTONE_460_C,460,C,PANTONE 460 C,1
PANTONE_461_C,461,C,PANTONE 461 C,1
PANTONE_462_C,462,C,PANTONE 462 C,1
PANTONE_463_C,463,C,PANTONE 463 C,1
PANTONE_464_C,464,C,PANTONE 464 C,1
PANTONE_465_C,465,C,PANTONE 465 C,1
PANTONE_466_C,466,C,PANTONE 466 C,1
PANTONE_467_C,467,C,PANTONE 467 C,1
PANTONE_468_C,468,C,PANTONE 468 C,1
PANTONE_469_C,469,C,PANTONE 469 C,1
PANTONE_470_C,470,C,PANTONE 470 C,1
PANTONE_471_C,471,C,PANTONE 471 C,1
PANTONE_472_C,472,C,PANTONE 472 C,1
PANTONE_473_C,473,C,PANTONE 473 C,1
PANTONE_474_C,474,C,PANTONE 474 C,1
PANTONE_475_C,475,C,PANTONE 475 C,1
PANTONE_476_C,476,C,PANTONE 476 C,1
PANTONE_477_C,477,C,PANTONE 477 C,1
PANTONE_478_C,478,C,PANTONE 478 C,1
PANTONE_479_C,479,C,PANTONE 479 C,1
PANTONE_480_C,480,C,PANTONE 480 C,1
PANTONE_481_C,481,C,PANTONE 481 C,1
PANTONE_482_C,482,C,PANTONE 482 C,1
PANTONE_483_C,483,C,PANTONE 483 C,1
PANTONE_484_C,484,C,PANTONE 484 C,1
PANTONE_485_C,485,C,PANTONE 485 C,1
PANTONE_486_C,486,C,PANTONE 486 C,1
PANTONE_487_C,487,C,PANTONE 487 C,1
PANTONE_488_C,488,C,PANTONE 488 C,1
PANTONE_489_C,489,C,PANTONE 489 C,1
PANTONE_490_C,490,C,PANTONE 490 C,1
PANTONE_491_C,491,C,PANTONE 491 C,1
PANTONE_492_C,492,C,PANTONE 492 C,1
PANTONE_493_C,493,C,PANTONE 493 C,1
PANTONE_494_C,494,C,PANTONE 494 C,1
PANTONE_495_C,495,C,PANTONE 495 C,1
PANTONE_496_C,496,C,PANTONE 496 C,1
PANTONE_497_C,497,C,PANTONE 497 C,1
PANTONE_498_C,498,C,PANTONE 498 C,1
PANTONE_499_C,499,C,PANTONE 499 C,1
PANTONE_500_C,500,C,PANTONE 500 C,1
PANTONE_501_C,501,C,PANTONE 501 C,1
PANTONE_502_C,502,C,PANTONE 502 C,1
PANTONE_503_C,503,C,PANTONE 503 C,1
PANTONE_504_C,504,C,PANTONE 504 C,1
PANTONE_505_C,505,C,PANTONE 505 C,1
PANTONE_506_C,506,C,PANTONE 506 C,1
PANTONE_507_C,507,C,PANTONE 507 C,1
PANTONE_508_C,508,C,PANTONE 508 C,1
PANTONE_509_C,509,C,PANTONE 509 C,1
PANTONE_510_C,510,C,PANTONE 510 C,1
PANTONE_511_C,511,C,PANTONE 511 C,1
PANTONE_512_C,512,C,PANTONE 512 C,1
PANTONE_513_C,513,C,PANTONE 513 C,1
PANTONE_514_C,514,C,PANTONE 514 C,1
PANTONE_515_C,515,C,PANTONE 515 C,1
PANTONE_516_C,516,C,PANTONE 516 C,1
PANTONE_517_C,517,C,PANTONE 517 C,1
PANTONE_518_C,518,C,PANTONE 518 C,1
PANTONE_519_C,519,C,PANTONE 519 C,1
PANTONE_520_C,520,C,PANTONE 520 C,1
PANTONE_521_C,521,C,PANTONE 521 C,1
PANTONE_522_C,522,C,PANTONE 522 C,1
PANTONE_523_C,523,C,PANTONE 523 C,1
PANTONE_524_C,524,C,PANTONE 524 C,1
PANTONE_525_C,525,C,PANTONE 525 C,1
PANTONE_526_C,526,C,PANTONE 526 C,1
PANTONE_527_C,527,C,PANTONE 527 C,1
PANTONE_528_C,528,C,PANTONE 528 C,1
PANTONE_529_C,529,C,PANTONE 529 C,1
PANTONE_530_C,530,C,PANTONE 530 C,1
PANTONE_531_C,531,C,PANTONE 531 C,1
PANTONE_532_C,532,C,PANTONE 532 C,1
PANTONE_533_C,533,C,PANTONE 533 C,1
PANTONE_534_C,534,C,PANTONE 534 C,1
PANTONE_535_C,535,C,PANTONE 535 C,1
PANTONE_536_C,536,C,PANTONE 536 C,1
PANTONE_537_C,537,C,PANTONE 537 C,1
PANTONE_538_C,538,C,PANTONE 538 C,1
PANTONE_539_C,539,C,PANTONE 539 C,1
PANTONE_540_C,540,C,PANTONE 540 C,1
PANTONE_541_C,541,C,PANTONE 541 C,1
PANTONE_542_C,542,C,PANTONE 542 C,1
PANTONE_543_C,543,C,PANTONE 543 C,1
PANTONE_544_C,544,C,PANTONE 544 C,1
PANTONE_545_C,545,C,PANTONE 545 C,1
PANTONE_546_C,546,C,PANTONE 546 C,1
PANTONE_547_C,547,C,PANTONE 547 C,1
PANTONE_548_C,548,C,PANTONE 548 C,1
PANTONE_549_C,549,C,PANTONE 549 C,1
PANTONE_550_C,550,C,PANTONE 550 C,1
PANTONE_551_C,551,C,PANTONE 551 C,1
PANTONE_552_C,552,C,PANTONE 552 C,1
PANTONE_553_C,553,C,PANTONE 553 C,1
PANTONE_554_C,554,C,PANTONE 554 C,1
PANTONE_555_C,555,C,PANTONE 555 C,1
PANTONE_556_C,556,C,PANTONE 556 C,1
PANTONE_557_C,557,C,PANTONE 557 C,1
PANTONE_558_C,558,C,PANTONE 558 C,1
PANTONE_559_C,559,C,PANTONE 559 C,1
PANTONE_560_C,560,C,PANTONE 560 C,1
PANTONE_561_C,561,C,PANTONE 561 C,1
PANTONE_562_C,562,C,PANTONE 562 C,1
PANTONE_563_C,563,C,PANTONE 563 C,1
PANTONE_564_C,564,C,PANTONE 564 C,1
PANTONE_565_C,565,C,PANTONE 565 C,1
PANTONE_566_C,566,C,PANTONE 566 C,1
PANTONE_567_C,567,C,PANTONE 567 C,1
PANTONE_568_C,568,C,PANTONE 568 C,1
PANTONE_569_C,569,C,PANTONE 569 C,1
PANTONE_570_C,570,C,PANTONE 570 C,1
PANTONE_571_C,571,C,PANTONE 571 C,1
PANTONE_572_C,572,C,PANTONE 572 C,1
PANTONE_573_C,573,C,PANTONE 573 C,1
PANTONE_574_C,574,C,PANTONE 574 C,1
PANTONE_575_C,575,C,PANTONE 575 C,1
PANTONE_576_C,576,C,PANTONE 576 C,1
PANTONE_577_C,577,C,PANTONE 577 C,1
PANTONE_578_C,578,C,PANTONE 578 C,1
PANTONE_579_C,579,C,PANTONE 579 C,1
PANTONE_580_C,580,C,PANTONE 580 C,1
PANTONE_581_C,581,C,PANTONE 581 C,1
PANTONE_582_C,582,C,PANTONE 582 C,1
PANTONE_583_C,583,C,PANTONE 583 C,1
PANTONE_584_C,584,C,PANTONE 584 C,1
PANTONE_585_C,585,C,PANTONE 585 C,1
PANTONE_586_C,586,C,PANTONE 586 C,1
PANTONE_587_C,587,C,PANTONE 587 C,1
PANTONE_588_C,588,C,PANTONE 588 C,1
PANTONE_589_C,589,C,PANTONE 589 C,1
PANTONE_590_C,590,C,PANTONE 590 C,1
PANTONE_591_C,591,C,PANTONE 591 C,1
PANTONE_592_C,592,C,PANTONE 592 C,1
PANTONE_593_C,593,C,PANTONE 593 C,1
PANTONE_594_C,594,C,PANTONE 594 C,1
PANTONE_595_C,595,C,PANTONE 595 C,1
PANTONE_596_C,596,C,PANTONE 596 C,1
PANTONE_597_C,597,C,PANTONE 597 C,1
PANTONE_598_C,598,C,PANTONE 598 C,1
PANTONE_599_C,599,C,PANTONE 599 C,1
PANTONE_600_C,600,C,PANTONE 600 C,1
PANTONE_601_C,601,C,PANTONE 601 C,1
PANTONE_602_C,602,C,PANTONE 602 C,1
PANTONE_603_C,603,C,PANTONE 603 C,1
PANTONE_604_C,604,C,PANTONE 604 C,1
PANTONE_605_C,605,C,PANTONE 605 C,1
PANTONE_606_C,606,C,PANTONE 606 C,1
PANTONE_607_C,607,C,PANTONE 607 C,1
PANTONE_608_C,608,C,PANTONE 608 C,1
PANTONE_609_C,609,C,PANTONE 609 C,1
PANTONE_610_C,610,C,PANTONE 610 C,1
PANTONE_611_C,611,C,PANTONE 611 C,1
PANTONE_612_C,612,C,PANTONE 612 C,1
PANTONE_613_C,613,C,PANTONE 613 C,1
PANTONE_614_C,614,C,PANTONE 614 C,1
PANTONE_615_C,615,C,PANTONE 615 C,1
PANTONE_616_C,616,C,PANTONE 616 C,1
PANTONE_617_C,617,C,PANTONE 617 C,1
PANTONE_618_C,618,C,PANTONE 618 C,1
PANTONE_619_C,619,C,PANTONE 619 C,1
PANTONE_620_C,620,C,PANTONE 620 C,1
PANTONE_621_C,621,C,PANTONE 621 C,1
PANTONE_622_C,622,C,PANTONE 622 C,1
PANTONE_623_C,623,C,PANTONE 623 C,1
PANTONE_624_C,624,C,PANTONE 624 C,1
PANTONE_625_C,625,C,PANTONE 625 C,1
PANTONE_626_C,626,C,PANTONE 626 C,1
PANTONE_627_C,627,C,PANTONE 627 C,1
PANTONE_628_C,628,C,PANTONE 628 C,1
PANTONE_629_C,629,C,PANTONE 629 C,1
PANTONE_630_C,630,C,PANTONE 630 C,1
PANTONE_631_C,631,C,PANTONE 631 C,1
PANTONE_632_C,632,C,PANTONE 632 C,1
PANTONE_633_C,633,C,PANTONE 633 C,1
PANTONE_634_C,634,C,PANTONE 634 C,1
PANTONE_635_C,635,C,PANTONE 635 C,1
PANTONE_636_C,636,C,PANTONE 636 C,1
PANTONE_637_C,637,C,PANTONE 637 C,1
PANTONE_638_C,638,C,PANTONE 638 C,1
PANTONE_639_C,639,C,PANTONE 639 C,1
PANTONE_640_C,640,C,PANTONE 640 C,1
PANTONE_641_C,641,C,PANTONE 641 C,1
PANTONE_642_C,642,C,PANTONE 642 C,1
PANTONE_643_C,643,C,PANTONE 643 C,1
PANTONE_644_C,644,C,PANTONE 644 C,1
PANTONE_645_C,645,C,PANTONE 645 C,1
PANTONE_646_C,646,C,PANTONE 646 C,1
PANTONE_647_C,647,C,PANTONE 647 C,1
PANTONE_648_C,648,C,PANTONE 648 C,1
PANTONE_649_C,649,C,PANTONE 649 C,1
PANTONE_650_C,650,C,PANTONE 650 C,1
PANTONE_651_C,651,C,PANTONE 651 C,1
PANTONE_652_C,652,C,PANTONE 652 C,1
PANTONE_653_C,653,C,PANTONE 653 C,1
PANTONE_654_C,654,C,PANTONE 654 C,1
PANTONE_655_C,655,C,PANTONE 655 C,1
PANTONE_656_C,656,C,PANTONE 656 C,1
PANTONE_657_C,657,C,PANTONE 657 C,1
PANTONE_658_C,658,C,PANTONE 658 C,1
PANTONE_659_C,659,C,PANTONE 659 C,1
PANTONE_660_C,660,C,PANTONE 660 C,1
PANTONE_661_C,661,C,PANTONE 661 C,1
PANTONE_662_C,662,C,PANTONE 662 C,1
PANTONE_663_C,663,C,PANTONE 663 C,1
PANTONE_664_C,664,C,PANTONE 664 C,1
PANTONE_665_C,665,C,PANTONE 665 C,1
PANTONE_666_C,666,C,PANTONE 666 C,1
PANTONE_667_C,667,C,PANTONE 667 C,1
PANTONE_668_C,668,C,PANTONE 668 C,1
PANTONE_669_C,669,C,PANTONE 669 C,1
PANTONE_670_C,670,C,PANTONE 670 C,1
PANTONE_671_C,671,C,PANTONE 671 C,1
PANTONE_672_C,672,C,PANTONE 672 C,1
PANTONE_673_C,673,C,PANTONE 673 C,1
PANTONE_674_C,674,C,PANTONE 674 C,1
PANTONE_675_C,675,C,PANTONE 675 C,1
PANTONE_676_C,676,C,PANTONE 676 C,1
PANTONE_677_C,677,C,PANTONE 677 C,1
PANTONE_678_C,678,C,PANTONE 678 C,1
PANTONE_679_C,679,C,PANTONE 679 C,1
PANTONE_680_C,680,C,PANTONE 680 C,1
PANTONE_681_C,681,C,PANTONE 681 C,1
PANTONE_682_C,682,C,PANTONE 682 C,1
PANTONE_683_C,683,C,PANTONE 683 C,1
PANTONE_684_C,684,C,PANTONE 684 C,1
PANTONE_685_C,685,C,PANTONE 685 C,1
PANTONE_686_C,686,C,PANTONE 686 C,1
PANTONE_687_C,687,C,PANTONE 687 C,1
PANTONE_688_C,688,C,PANTONE 688 C,1
PANTONE_689_C,689,C,PANTONE 689 C,1
PANTONE_690_C,690,C,PANTONE 690 C,1
PANTONE_691_C,691,C,PANTONE 691 C,1
PANTONE_692_C,692,C,PANTONE 692 C,1
PANTONE_693_C,693,C,PANTONE 693 C,1
PANTONE_694_C,694,C,PANTONE 694 C,1
PANTONE_695_C,695,C,PANTONE 695 C,1
PANTONE_696_C,696,C,PANTONE 696 C,1
PANTONE_697_C,697,C,PANTONE 697 C,1
PANTONE_698_C,698,C,PANTONE 698 C,1
PANTONE_699_C,699,C,PANTONE 699 C,1
PANTONE_700_C,700,C,PANTONE 700 C,1
PANTONE_701_C,701,C,PANTONE 701 C,1
PANTONE_702_C,702,C,PANTONE 702 C,1
PANTONE_703_C,703,C,PANTONE 703 C,1
PANTONE_704_C,704,C,PANTONE 704 C,1
PANTONE_705_C,705,C,PANTONE 705 C,1
PANTONE_706_C,706,C,PANTONE 706 C,1
PANTONE_707_C,707,C,PANTONE 707 C,1
PANTONE_708_C,708,C,PANTONE 708 C,1
PANTONE_709_C,709,C,PANTONE 709 C,1
PANTONE_710_C,710,C,PANTONE 710 C,1
PANTONE_711_C,711,C,PANTONE 711 C,1
PANTONE_712_C,712,C,PANTONE 712 C,1
PANTONE_713_C,713,C,PANTONE 713 C,1
PANTONE_714_C,714,C,PANTONE 714 C,1
PANTONE_715_C,715,C,PANTONE 715 C,1
PANTONE_716_C,716,C,PANTONE 716 C,1
PANTONE_717_C,717,C,PANTONE 717 C,1
PANTONE_718_C,718,C,PANTONE 718 C,1
PANTONE_719_C,719,C,PANTONE 719 C,1
PANTONE_720_C,720,C,PANTONE 720 C,1
PANTONE_721_C,721,C,PANTONE 721 C,1
PANTONE_722_C,722,C,PANTONE 722 C,1
PANTONE_723_C,723,C,PANTONE 723 C,1
PANTONE_724_C,724,C,PANTONE 724 C,1
PANTONE_725_C,725,C,PANTONE 725 C,1
PANTONE_726_C,726,C,PANTONE 726 C,1
PANTONE_727_C,727,C,PANTONE 727 C,1
PANTONE_728_C,728,C,PANTONE 728 C,1
PANTONE_729_C,729,C,PANTONE 729 C,1
PANTONE_730_C,730,C,PANTONE 730 C,1
PANTONE_731_C,731,C,PANTONE 731 C,1
PANTONE_732_C,732,C,PANTONE 732 C,1
PANTONE_733_C,733,C,PANTONE 733 C,1
PANTONE_734_C,734,C,PANTONE 734 C,1
PANTONE_735_C,735,C,PANTONE 735 C,1
PANTONE_736_C,736,C,PANTONE 736 C,1
PANTONE_737_C,737,C,PANTONE 737 C,1
PANTONE_738_C,738,C,PANTONE 738 C,1
PANTONE_739_C,739,C,PANTONE 739 C,1
PANTONE_740_C,740,C,PANTONE 740 C,1
PANTONE_741_C,741,C,PANTONE 741 C,1
PANTONE_742_C,742,C,PANTONE 742 C,1
PANTONE_743_C,743,C,PANTONE 743 C,1
PANTONE_744_C,744,C,PANTONE 744 C,1
PANTONE_745_C,745,C,PANTONE 745 C,1
PANTONE_746_C,746,C,PANTONE 746 C,1
PANTONE_747_C,747,C,PANTONE 747 C,1
PANTONE_748_C,748,C,PANTONE 748 C,1
PANTONE_749_C,749,C,PANTONE 749 C,1
PANTONE_750_C,750,C,PANTONE 750 C,1
PANTONE_751_C,751,C,PANTONE 751 C,1
PANTONE_752_C,752,C,PANTONE 752 C,1
PANTONE_753_C,753,C,PANTONE 753 C,1
PANTONE_754_C,754,C,PANTONE 754 C,1
PANTONE_755_C,755,C,PANTONE 755 C,1
PANTONE_756_C,756,C,PANTONE 756 C,1
PANTONE_757_C,757,C,PANTONE 757 C,1
PANTONE_758_C,758,C,PANTONE 758 C,1
PANTONE_759_C,759,C,PANTONE 759 C,1
PANTONE_760_C,760,C,PANTONE 760 C,1
PANTONE_761_C,761,C,PANTONE 761 C,1
PANTONE_762_C,762,C,PANTONE 762 C,1
PANTONE_763_C,763,C,PANTONE 763 C,1
PANTONE_764_C,764,C,PANTONE 764 C,1
PANTONE_765_C,765,C,PANTONE 765 C,1
PANTONE_766_C,766,C,PANTONE 766 C,1
PANTONE_767_C,767,C,PANTONE 767 C,1
PANTONE_768_C,768,C,PANTONE 768 C,1
PANTONE_769_C,769,C,PANTONE 769 C,1
PANTONE_770_C,770,C,PANTONE 770 C,1
PANTONE_771_C,771,C,PANTONE 771 C,1
PANTONE_772_C,772,C,PANTONE 772 C,1
PANTONE_773_C,773,C,PANTONE 773 C,1
PANTONE_774_C,774,C,PANTONE 774 C,1
PANTONE_775_C,775,C,PANTONE 775 C,1
PANTONE_776_C,776,C,PANTONE 776 C,1
PANTONE_777_C,777,C,PANTONE 777 C,1
PANTONE_778_C,778,C,PANTONE 778 C,1
PANTONE_779_C,779,C,PANTONE 779 C,1
PANTONE_780_C,780,C,PANTONE 780 C,1
PANTONE_781_C,781,C,PANTONE 781 C,1
PANTONE_782_C,782,C,PANTONE 782 C,1
PANTONE_783_C,783,C,PANTONE 783 C,1
PANTONE_784_C,784,C,PANTONE 784 C,1
PANTONE_785_C,785,C,PANTONE 785 C,1
PANTONE_786_C,786,C,PANTONE 786 C,1
PANTONE_787_C,787,C,PANTONE 787 C,1
PANTONE_788_C,788,C,PANTONE 788 C,1
PANTONE_789_C,789,C,PANTONE 789 C,1
PANTONE_790_C,790,C,PANTONE 790 C,1
PANTONE_791_C,791,C,PANTONE 791 C,1
PANTONE_792_C,792,C,PANTONE 792 C,1
PANTONE_793_C,793,C,PANTONE 793 C,1
PANTONE_794_C,794,C,PANTONE 794 C,1
PANTONE_795_C,795,C,PANTONE 795 C,1
PANTONE_796_C,796,C,PANTONE 796 C,1
PANTONE_797_C,797,C,PANTONE 797 C,1
PANTONE_798_C,798,C,PANTONE 798 C,1
PANTONE_799_C,799,C,PANTONE 799 C,1
PANTONE_800_C,800,C,PANTONE 800 C,1
PANTONE_801_C,801,C,PANTONE 801 C,1
PANTONE_802_C,802,C,PANTONE 802 C,1
PANTONE_803_C,803,C,PANTONE 803 C,1
PANTONE_804_C,804,C,PANTONE 804 C,1
PANTONE_805_C,805,C,PANTONE 805 C,1
PANTONE_806_C,806,C,PANTONE 806 C,1
PANTONE_807_C,807,C,PANTONE 807 C,1
PANTONE_808_C,808,C,PANTONE 808 C,1
PANTONE_809_C,809,C,PANTONE 809 C,1
PANTONE_810_C,810,C,PANTONE 810 C,1
PANTONE_811_C,811,C,PANTONE 811 C,1
PANTONE_812_C,812,C,PANTONE 812 C,1
PANTONE_813_C,813,C,PANTONE 813 C,1
PANTONE_814_C,814,C,PANTONE 814 C,1
PANTONE_815_C,815,C,PANTONE 815 C,1
PANTONE_816_C,816,C,PANTONE 816 C,1
PANTONE_817_C,817,C,PANTONE 817 C,1
PANTONE_818_C,818,C,PANTONE 818 C,1
PANTONE_819_C,819,C,PANTONE 819 C,1
PANTONE_820_C,820,C,PANTONE 820 C,1
PANTONE_821_C,821,C,PANTONE 821 C,1
PANTONE_822_C,822,C,PANTONE 822 C,1
PANTONE_823_C,823,C,PANTONE 823 C,1
PANTONE_824_C,824,C,PANTONE 824 C,1
PANTONE_825_C,825,C,PANTONE 825 C,1
PANTONE_826_C,826,C,PANTONE 826 C,1
PANTONE_827_C,827,C,PANTONE 827 C,1
PANTONE_828_C,828,C,PANTONE 828 C,1
PANTONE_829_C,829,C,PANTONE 829 C,1
PANTONE_830_C,830,C,PANTONE 830 C,1
PANTONE_831_C,831,C,PANTONE 831 C,1
PANTONE_832_C,832,C,PANTONE 832 C,1
PANTONE_833_C,833,C,PANTONE 833 C,1
PANTONE_834_C,834,C,PANTONE 834 C,1
PANTONE_835_C,835,C,PANTONE 835 C,1
PANTONE_836_C,836,C,PANTONE 836 C,1
PANTONE_837_C,837,C,PANTONE 837 C,1
PANTONE_838_C,838,C,PANTONE 838 C,1
PANTONE_839_C,839,C,PANTONE 839 C,1
PANTONE_840_C,840,C,PANTONE 840 C,1
PANTONE_841_C,841,C,PANTONE 841 C,1
PANTONE_842_C,842,C,PANTONE 842 C,1
PANTONE_843_C,843,C,PANTONE 843 C,1
PANTONE_844_C,844,C,PANTONE 844 C,1
PANTONE_845_C,845,C,PANTONE 845 C,1
PANTONE_846_C,846,C,PANTONE 846 C,1
PANTONE_847_C,847,C,PANTONE 847 C,1
PANTONE_848_C,848,C,PANTONE 848 C,1
PANTONE_849_C,849,C,PANTONE 849 C,1
PANTONE_850_C,850,C,PANTONE 850 C,1
PANTONE_851_C,851,C,PANTONE 851 C,1
PANTONE_852_C,852,C,PANTONE 852 C,1
PANTONE_853_C,853,C,PANTONE 853 C,1
PANTONE_854_C,854,C,PANTONE 854 C,1
PANTONE_855_C,855,C,PANTONE 855 C,1
PANTONE_856_C,856,C,PANTONE 856 C,1
PANTONE_857_C,857,C,PANTONE 857 C,1
PANTONE_858_C,858,C,PANTONE 858 C,1
PANTONE_859_C,859,C,PANTONE 859 C,1
PANTONE_860_C,860,C,PANTONE 860 C,1
PANTONE_861_C,861,C,PANTONE 861 C,1
PANTONE_862_C,862,C,PANTONE 862 C,1
PANTONE_863_C,863,C,PANTONE 863 C,1
PANTONE_864_C,864,C,PANTONE 864 C,1
PANTONE_865_C,865,C,PANTONE 865 C,1
PANTONE_866_C,866,C,PANTONE 866 C,1
PANTONE_867_C,867,C,PANTONE 867 C,1
PANTONE_868_C,868,C,PANTONE 868 C,1
PANTONE_869_C,869,C,PANTONE 869 C,1
PANTONE_870_C,870,C,PANTONE 870 C,1
PANTONE_871_C,871,C,PANTONE 871 C,1
PANTONE_872_C,872,C,PANTONE 872 C,1
PANTONE_873_C,873,C,PANTONE 873 C,1
PANTONE_874_C,874,C,PANTONE 874 C,1
PANTONE_875_C,875,C,PANTONE 875 C,1
PANTONE_876_C,876,C,PANTONE 876 C,1
PANTONE_877_C,877,C,PANTONE 877 C,1
PANTONE_878_C,878,C,PANTONE 878 C,1
PANTONE_879_C,879,C,PANTONE 879 C,1
PANTONE_880_C,880,C,PANTONE 880 C,1
PANTONE_881_C,881,C,PANTONE 881 C,1
PANTONE_882_C,882,C,PANTONE 882 C,1
PANTONE_883_C,883,C,PANTONE 883 C,1
PANTONE_884_C,884,C,PANTONE 884 C,1
PANTONE_885_C,885,C,PANTONE 885 C,1
PANTONE_886_C,886,C,PANTONE 886 C,1
PANTONE_887_C,887,C,PANTONE 887 C,1
PANTONE_888_C,888,C,PANTONE 888 C,1
PANTONE_889_C,889,C,PANTONE 889 C,1
PANTONE_890_C,890,C,PANTONE 890 C,1
PANTONE_891_C,891,C,PANTONE 891 C,1
PANTONE_892_C,892,C,PANTONE 892 C,1
PANTONE_893_C,893,C,PANTONE 893 C,1
PANTONE_894_C,894,C,PANTONE 894 C,1
PANTONE_895_C,895,C,PANTONE 895 C,1
PANTONE_896_C,896,C,PANTONE 896 C,1
PANTONE_897_C,897,C,PANTONE 897 C,1
PANTONE_898_C,898,C,PANTONE 898 C,1
PANTONE_899_C,899,C,PANTONE 899 C,1
PANTONE_900_C,900,C,PANTONE 900 C,1
PANTONE_901_C,901,C,PANTONE 901 C,1
PANTONE_902_C,902,C,PANTONE 902 C,1
PANTONE_903_C,903,C,PANTONE 903 C,1
PANTONE_904_C,904,C,PANTONE 904 C,1
PANTONE_905_C,905,C,PANTONE 905 C,1
PANTONE_906_C,906,C,PANTONE 906 C,1
PANTONE_907_C,907,C,PANTONE 907 C,1
PANTONE_908_C,908,C,PANTONE 908 C,1
PANTONE_909_C,909,C,PANTONE 909 C,1
PANTONE_910_C,910,C,PANTONE 910 C,1
PANTONE_911_C,911,C,PANTONE 911 C,1
PANTONE_912_C,912,C,PANTONE 912 C,1
PANTONE_913_C,913,C,PANTONE 913 C,1
PANTONE_914_C,914,C,PANTONE 914 C,1
PANTONE_915_C,915,C,PANTONE 915 C,1
PANTONE_916_C,916,C,PANTONE 916 C,1
PANTONE_917_C,917,C,PANTONE 917 C,1
PANTONE_918_C,918,C,PANTONE 918 C,1
PANTONE_919_C,919,C,PANTONE 919 C,1
PANTONE_920_C,920,C,PANTONE 920 C,1
PANTONE_921_C,921,C,PANTONE 921 C,1
PANTONE_922_C,922,C,PANTONE 922 C,1
PANTONE_923_C,923,C,PANTONE 923 C,1
PANTONE_924_C,924,C,PANTONE 924 C,1
PANTONE_925_C,925,C,PANTONE 925 C,1
PANTONE_926_C,926,C,PANTONE 926 C,1
PANTONE_927_C,927,C,PANTONE 927 C,1
PANTONE_928_C,928,C,PANTONE 928 C,1
PANTONE_929_C,929,C,PANTONE 929 C,1
PANTONE_930_C,930,C,PANTONE 930 C,1
PANTONE_931_C,931,C,PANTONE 931 C,1
PANTONE_932_C,932,C,PANTONE 932 C,1
PANTONE_933_C,933,C,PANTONE 933 C,1
PANTONE_934_C,934,C,PANTONE 934 C,1
PANTONE_935_C,935,C,PANTONE 935 C,1
PANTONE_936_C,936,C,PANTONE 936 C,1
PANTONE_937_C,937,C,PANTONE 937 C,1
PANTONE_938_C,938,C,PANTONE 938 C,1
PANTONE_939_C,939,C,PANTONE 939 C,1
PANTONE_940_C,940,C,PANTONE 940 C,1
PANTONE_941_C,941,C,PANTONE 941 C,1
PANTONE_942_C,942,C,PANTONE 942 C,1
PANTONE_943_C,943,C,PANTONE 943 C,1
PANTONE_944_C,944,C,PANTONE 944 C,1
PANTONE_945_C,945,C,PANTONE 945 C,1
PANTONE_946_C,946,C,PANTONE 946 C,1
PANTONE_947_C,947,C,PANTONE 947 C,1
PANTONE_948_C,948,C,PANTONE 948 C,1
PANTONE_949_C,949,C,PANTONE 949 C,1
PANTONE_950_C,950,C,PANTONE 950 C,1
PANTONE_951_C,951,C,PANTONE 951 C,1
PANTONE_952_C,952,C,PANTONE 952 C,1
PANTONE_953_C,953,C,PANTONE 953 C,1
PANTONE_954_C,954,C,PANTONE 954 C,1
PANTONE_955_C,955,C,PANTONE 955 C,1
PANTONE_956_C,956,C,PANTONE 956 C,1
PANTONE_957_C,957,C,PANTONE 957 C,1
PANTONE_958_C,958,C,PANTONE 958 C,1
PANTONE_959_C,959,C,PANTONE 959 C,1
PANTONE_960_C,960,C,PANTONE 960 C,1
PANTONE_961_C,961,C,PANTONE 961 C,1
PANTONE_962_C,962,C,PANTONE 962 C,1
PANTONE_963_C,963,C,PANTONE 963 C,1
PANTONE_964_C,964,C,PANTONE 964 C,1
PANTONE_965_C,965,C,PANTONE 965 C,1
PANTONE_966_C,966,C,PANTONE 966 C,1
PANTONE_967_C,967,C,PANTONE 967 C,1
PANTONE_968_C,968,C,PANTONE 968 C,1
PANTONE_969_C,969,C,PANTONE 969 C,1
PANTONE_970_C,970,C,PANTONE 970 C,1
PANTONE_971_C,971,C,PANTONE 971 C,1
PANTONE_972_C,972,C,PANTONE 972 C,1
PANTONE_973_C,973,C,PANTONE 973 C,1
PANTONE_974_C,974,C,PANTONE 974 C,1
PANTONE_975_C,975,C,PANTONE 975 C,1
PANTONE_976_C,976,C,PANTONE 976 C,1
PANTONE_977_C,977,C,PANTONE 977 C,1
PANTONE_978_C,978,C,PANTONE 978 C,1
PANTONE_979_C,979,C,PANTONE 979 C,1
PANTONE_980_C,980,C,PANTONE 980 C,1
PANTONE_981_C,981,C,PANTONE 981 C,1
PANTONE_982_C,982,C,PANTONE 982 C,1
PANTONE_983_C,983,C,PANTONE 983 C,1
PANTONE_984_C,984,C,PANTONE 984 C,1
PANTONE_985_C,985,C,PANTONE 985 C,1
PANTONE_986_C,986,C,PANTONE 986 C,1
PANTONE_987_C,987,C,PANTONE 987 C,1
PANTONE_988_C,988,C,PANTONE 988 C,1
PANTONE_989_C,989,C,PANTONE 989 C,1
PANTONE_990_C,990,C,PANTONE 990 C,1
PANTONE_991_C,991,C,PANTONE 991 C,1
PANTONE_992_C,992,C,PANTONE 992 C,1
PANTONE_993_C,993,C,PANTONE 993 C,1
PANTONE_994_C,994,C,PANTONE 994 C,1
PANTONE_995_C,995,C,PANTONE 995 C,1
PANTONE_996_C,996,C,PANTONE 996 C,1
PANTONE_997_C,997,C,PANTONE 997 C,1
PANTONE_998_C,998,C,PANTONE 998 C,1
PANTONE_999_C,999,C,PANTONE 999 C,1
PANTONE_1000_C,1000,C,PANTONE 1000 C,1
PANTONE_1001_C,1001,C,PANTONE 1001 C,1
PANTONE_1002_C,1002,C,PANTONE 1002 C,1
PANTONE_1003_C,1003,C,PANTONE 1003 C,1
PANTONE_1004_C,1004,C,PANTONE 1004 C,1
PANTONE_1005_C,1005,C,PANTONE 1005 C,1
PANTONE_1006_C,1006,C,PANTONE 1006 C,1
PANTONE_1007_C,1007,C,PANTONE 1007 C,1
PANTONE_1008_C,1008,C,PANTONE 1008 C,1
PANTONE_1009_C,1009,C,PANTONE 1009 C,1
PANTONE_1010_C,1010,C,PANTONE 1010 C,1
PANTONE_1011_C,1011,C,PANTONE 1011 C,1
PANTONE_1012_C,1012,C,PANTONE 1012 C,1
PANTONE_1013_C,1013,C,PANTONE 1013 C,1
PANTONE_1014_C,1014,C,PANTONE 1014 C,1
PANTONE_1015_C,1015,C,PANTONE 1015 C,1
PANTONE_1016_C,1016,C,PANTONE 1016 C,1
PANTONE_1017_C,1017,C,PANTONE 1017 C,1
PANTONE_1018_C,1018,C,PANTONE 1018 C,1
PANTONE_1019_C,1019,C,PANTONE 1019 C,1
PANTONE_1020_C,1020,C,PANTONE 1020 C,1
PANTONE_1021_C,1021,C,PANTONE 1021 C,1
PANTONE_1022_C,1022,C,PANTONE 1022 C,1
PANTONE_1023_C,1023,C,PANTONE 1023 C,1
PANTONE_1024_C,1024,C,PANTONE 1024 C,1
PANTONE_1025_C,1025,C,PANTONE 1025 C,1
PANTONE_1026_C,1026,C,PANTONE 1026 C,1
PANTONE_1027_C,1027,C,PANTONE 1027 C,1
PANTONE_1028_C,1028,C,PANTONE 1028 C,1
PANTONE_1029_C,1029,C,PANTONE 1029 C,1
PANTONE_1030_C,1030,C,PANTONE 1030 C,1
PANTONE_1031_C,1031,C,PANTONE 1031 C,1
PANTONE_1032_C,1032,C,PANTONE 1032 C,1
PANTONE_1033_C,1033,C,PANTONE 1033 C,1
PANTONE_1034_C,1034,C,PANTONE 1034 C,1
PANTONE_1035_C,1035,C,PANTONE 1035 C,1
PANTONE_1036_C,1036,C,PANTONE 1036 C,1
PANTONE_1037_C,1037,C,PANTONE 1037 C,1
PANTONE_1038_C,1038,C,PANTONE 1038 C,1
PANTONE_1039_C,1039,C,PANTONE 1039 C,1
PANTONE_1040_C,1040,C,PANTONE 1040 C,1
PANTONE_1041_C,1041,C,PANTONE 1041 C,1
PANTONE_1042_C,1042,C,PANTONE 1042 C,1
PANTONE_1043_C,1043,C,PANTONE 1043 C,1
PANTONE_1044_C,1044,C,PANTONE 1044 C,1
PANTONE_1045_C,1045,C,PANTONE 1045 C,1
PANTONE_1046_C,1046,C,PANTONE 1046 C,1
PANTONE_1047_C,1047,C,PANTONE 1047 C,1
PANTONE_1048_C,1048,C,PANTONE 1048 C,1
PANTONE_1049_C,1049,C,PANTONE 1049 C,1
PANTONE_1050_C,1050,C,PANTONE 1050 C,1
PANTONE_1051_C,1051,C,PANTONE 1051 C,1
PANTONE_1052_C,1052,C,PANTONE 1052 C,1
PANTONE_1053_C,1053,C,PANTONE 1053 C,1
PANTONE_1054_C,1054,C,PANTONE 1054 C,1
PANTONE_1055_C,1055,C,PANTONE 1055 C,1
PANTONE_1056_C,1056,C,PANTONE 1056 C,1
PANTONE_1057_C,1057,C,PANTONE 1057 C,1
PANTONE_1058_C,1058,C,PANTONE 1058 C,1
PANTONE_1059_C,1059,C,PANTONE 1059 C,1
PANTONE_1060_C,1060,C,PANTONE 1060 C,1
PANTONE_1061_C,1061,C,PANTONE 1061 C,1
PANTONE_1062_C,1062,C,PANTONE 1062 C,1
PANTONE_1063_C,1063,C,PANTONE 1063 C,1
PANTONE_1064_C,1064,C,PANTONE 1064 C,1
PANTONE_1065_C,1065,C,PANTONE 1065 C,1
PANTONE_1066_C,1066,C,PANTONE 1066 C,1
PANTONE_1067_C,1067,C,PANTONE 1067 C,1
PANTONE_1068_C,1068,C,PANTONE 1068 C,1
PANTONE_1069_C,1069,C,PANTONE 1069 C,1
PANTONE_1070_C,1070,C,PANTONE 1070 C,1
PANTONE_1071_C,1071,C,PANTONE 1071 C,1
PANTONE_1072_C,1072,C,PANTONE 1072 C,1
PANTONE_1073_C,1073,C,PANTONE 1073 C,1
PANTONE_1074_C,1074,C,PANTONE 1074 C,1
PANTONE_1075_C,1075,C,PANTONE 1075 C,1
PANTONE_1076_C,1076,C,PANTONE 1076 C,1
PANTONE_1077_C,1077,C,PANTONE 1077 C,1
PANTONE_1078_C,1078,C,PANTONE 1078 C,1
PANTONE_1079_C,1079,C,PANTONE 1079 C,1
PANTONE_1080_C,1080,C,PANTONE 1080 C,1
PANTONE_1081_C,1081,C,PANTONE 1081 C,1
PANTONE_1082_C,1082,C,PANTONE 1082 C,1
PANTONE_1083_C,1083,C,PANTONE 1083 C,1
PANTONE_1084_C,1084,C,PANTONE 1084 C,1
PANTONE_1085_C,1085,C,PANTONE 1085 C,1
PANTONE_1086_C,1086,C,PANTONE 1086 C,1
PANTONE_1087_C,1087,C,PANTONE 1087 C,1
PANTONE_1088_C,1088,C,PANTONE 1088 C,1
PANTONE_1089_C,1089,C,PANTONE 1089 C,1
PANTONE_1090_C,1090,C,PANTONE 1090 C,1
PANTONE_1091_C,1091,C,PANTONE 1091 C,1
PANTONE_1092_C,1092,C,PANTONE 1092 C,1
PANTONE_1093_C,1093,C,PANTONE 1093 C,1
PANTONE_1094_C,1094,C,PANTONE 1094 C,1
PANTONE_1095_C,1095,C,PANTONE 1095 C,1
PANTONE_1096_C,1096,C,PANTONE 1096 C,1
PANTONE_1097_C,1097,C,PANTONE 1097 C,1
PANTONE_1098_C,1098,C,PANTONE 1098 C,1
PANTONE_1099_C,1099,C,PANTONE 1099 C,1
PANTONE_1100_C,1100,C,PANTONE 1100 C,1
PANTONE_1101_C,1101,C,PANTONE 1101 C,1
PANTONE_1102_C,1102,C,PANTONE 1102 C,1
PANTONE_1103_C,1103,C,PANTONE 1103 C,1
PANTONE_1104_C,1104,C,PANTONE 1104 C,1
PANTONE_1105_C,1105,C,PANTONE 1105 C,1
PANTONE_1106_C,1106,C,PANTONE 1106 C,1
PANTONE_1107_C,1107,C,PANTONE 1107 C,1
PANTONE_1108_C,1108,C,PANTONE 1108 C,1
PANTONE_1109_C,1109,C,PANTONE 1109 C,1
PANTONE_1110_C,1110,C,PANTONE 1110 C,1
PANTONE_1111_C,1111,C,PANTONE 1111 C,1
PANTONE_1112_C,1112,C,PANTONE 1112 C,1
PANTONE_1113_C,1113,C,PANTONE 1113 C,1
PANTONE_1114_C,1114,C,PANTONE 1114 C,1
PANTONE_1115_C,1115,C,PANTONE 1115 C,1
PANTONE_1116_C,1116,C,PANTONE 1116 C,1
PANTONE_1117_C,1117,C,PANTONE 1117 C,1
PANTONE_1118_C,1118,C,PANTONE 1118 C,1
PANTONE_1119_C,1119,C,PANTONE 1119 C,1
PANTONE_1120_C,1120,C,PANTONE 1120 C,1
PANTONE_1121_C,1121,C,PANTONE 1121 C,1
PANTONE_1122_C,1122,C,PANTONE 1122 C,1
PANTONE_1123_C,1123,C,PANTONE 1123 C,1
PANTONE_1124_C,1124,C,PANTONE 1124 C,1
PANTONE_1125_C,1125,C,PANTONE 1125 C,1
PANTONE_1126_C,1126,C,PANTONE 1126 C,1
PANTONE_1127_C,1127,C,PANTONE 1127 C,1
PANTONE_1128_C,1128,C,PANTONE 1128 C,1
PANTONE_1129_C,1129,C,PANTONE 1129 C,1
PANTONE_1130_C,1130,C,PANTONE 1130 C,1
PANTONE_1131_C,1131,C,PANTONE 1131 C,1
PANTONE_1132_C,1132,C,PANTONE 1132 C,1
PANTONE_1133_C,1133,C,PANTONE 1133 C,1
PANTONE_1134_C,1134,C,PANTONE 1134 C,1
PANTONE_1135_C,1135,C,PANTONE 1135 C,1
PANTONE_1136_C,1136,C,PANTONE 1136 C,1
PANTONE_1137_C,1137,C,PANTONE 1137 C,1
PANTONE_1138_C,1138,C,PANTONE 1138 C,1
PANTONE_1139_C,1139,C,PANTONE 1139 C,1
PANTONE_1140_C,1140,C,PANTONE 1140 C,1
PANTONE_1141_C,1141,C,PANTONE 1141 C,1
PANTONE_1142_C,1142,C,PANTONE 1142 C,1
PANTONE_1143_C,1143,C,PANTONE 1143 C,1
PANTONE_1144_C,1144,C,PANTONE 1144 C,1
PANTONE_1145_C,1145,C,PANTONE 1145 C,1
PANTONE_1146_C,1146,C,PANTONE 1146 C,1
PANTONE_1147_C,1147,C,PANTONE 1147 C,1
PANTONE_1148_C,1148,C,PANTONE 1148 C,1
PANTONE_1149_C,1149,C,PANTONE 1149 C,1
PANTONE_1150_C,1150,C,PANTONE 1150 C,1
PANTONE_1151_C,1151,C,PANTONE 1151 C,1
PANTONE_1152_C,1152,C,PANTONE 1152 C,1
PANTONE_1153_C,1153,C,PANTONE 1153 C,1
PANTONE_1154_C,1154,C,PANTONE 1154 C,1
PANTONE_1155_C,1155,C,PANTONE 1155 C,1
PANTONE_1156_C,1156,C,PANTONE 1156 C,1
PANTONE_1157_C,1157,C,PANTONE 1157 C,1
PANTONE_1158_C,1158,C,PANTONE 1158 C,1
PANTONE_1159_C,1159,C,PANTONE 1159 C,1
PANTONE_1160_C,1160,C,PANTONE 1160 C,1
PANTONE_1161_C,1161,C,PANTONE 1161 C,1
PANTONE_1162_C,1162,C,PANTONE 1162 C,1
PANTONE_1163_C,1163,C,PANTONE 1163 C,1
PANTONE_1164_C,1164,C,PANTONE 1164 C,1
PANTONE_1165_C,1165,C,PANTONE 1165 C,1
PANTONE_1166_C,1166,C,PANTONE 1166 C,1
PANTONE_1167_C,1167,C,PANTONE 1167 C,1
PANTONE_1168_C,1168,C,PANTONE 1168 C,1
PANTONE_1169_C,1169,C,PANTONE 1169 C,1
PANTONE_1170_C,1170,C,PANTONE 1170 C,1
PANTONE_1171_C,1171,C,PANTONE 1171 C,1
PANTONE_1172_C,1172,C,PANTONE 1172 C,1
PANTONE_1173_C,1173,C,PANTONE 1173 C,1
PANTONE_1174_C,1174,C,PANTONE 1174 C,1
PANTONE_1175_C,1175,C,PANTONE 1175 C,1
PANTONE_1176_C,1176,C,PANTONE 1176 C,1
PANTONE_1177_C,1177,C,PANTONE 1177 C,1
PANTONE_1178_C,1178,C,PANTONE 1178 C,1
PANTONE_1179_C,1179,C,PANTONE 1179 C,1
PANTONE_1180_C,1180,C,PANTONE 1180 C,1
PANTONE_1181_C,1181,C,PANTONE 1181 C,1
PANTONE_1182_C,1182,C,PANTONE 1182 C,1
PANTONE_1183_C,1183,C,PANTONE 1183 C,1
PANTONE_1184_C,1184,C,PANTONE 1184 C,1
PANTONE_1185_C,1185,C,PANTONE 1185 C,1
PANTONE_1186_C,1186,C,PANTONE 1186 C,1
PANTONE_1187_C,1187,C,PANTONE 1187 C,1
PANTONE_1188_C,1188,C,PANTONE 1188 C,1
PANTONE_1189_C,1189,C,PANTONE 1189 C,1
PANTONE_1190_C,1190,C,PANTONE 1190 C,1
PANTONE_1191_C,1191,C,PANTONE 1191 C,1
PANTONE_1192_C,1192,C,PANTONE 1192 C,1
PANTONE_1193_C,1193,C,PANTONE 1193 C,1
PANTONE_1194_C,1194,C,PANTONE 1194 C,1
PANTONE_1195_C,1195,C,PANTONE 1195 C,1
PANTONE_1196_C,1196,C,PANTONE 1196 C,1
PANTONE_1197_C,1197,C,PANTONE 1197 C,1
PANTONE_1198_C,1198,C,PANTONE 1198 C,1
PANTONE_1199_C,1199,C,PANTONE 1199 C,1
PANTONE_1200_C,1200,C,PANTONE 1200 C,1
PANTONE_1201_C,1201,C,PANTONE 1201 C,1
PANTONE_1202_C,1202,C,PANTONE 1202 C,1
PANTONE_1203_C,1203,C,PANTONE 1203 C,1
PANTONE_1204_C,1204,C,PANTONE 1204 C,1
PANTONE_1205_C,1205,C,PANTONE 1205 C,1
PANTONE_1206_C,1206,C,PANTONE 1206 C,1
PANTONE_1207_C,1207,C,PANTONE 1207 C,1
PANTONE_1208_C,1208,C,PANTONE 1208 C,1
PANTONE_1209_C,1209,C,PANTONE 1209 C,1
PANTONE_1210_C,1210,C,PANTONE 1210 C,1
PANTONE_1211_C,1211,C,PANTONE 1211 C,1
PANTONE_1212_C,1212,C,PANTONE 1212 C,1
PANTONE_1213_C,1213,C,PANTONE 1213 C,1
PANTONE_1214_C,1214,C,PANTONE 1214 C,1
PANTONE_1215_C,1215,C,PANTONE 1215 C,1
PANTONE_1216_C,1216,C,PANTONE 1216 C,1
PANTONE_1217_C,1217,C,PANTONE 1217 C,1
PANTONE_1218_C,1218,C,PANTONE 1218 C,1
PANTONE_1219_C,1219,C,PANTONE 1219 C,1
PANTONE_1220_C,1220,C,PANTONE 1220 C,1
PANTONE_1221_C,1221,C,PANTONE 1221 C,1
PANTONE_1222_C,1222,C,PANTONE 1222 C,1
PANTONE_1223_C,1223,C,PANTONE 1223 C,1
PANTONE_1224_C,1224,C,PANTONE 1224 C,1
PANTONE_1225_C,1225,C,PANTONE 1225 C,1
PANTONE_1226_C,1226,C,PANTONE 1226 C,1
PANTONE_1227_C,1227,C,PANTONE 1227 C,1
PANTONE_1228_C,1228,C,PANTONE 1228 C,1
PANTONE_1229_C,1229,C,PANTONE 1229 C,1
PANTONE_1230_C,1230,C,PANTONE 1230 C,1
PANTONE_1231_C,1231,C,PANTONE 1231 C,1
PANTONE_1232_C,1232,C,PANTONE 1232 C,1
PANTONE_1233_C,1233,C,PANTONE 1233 C,1
PANTONE_1234_C,1234,C,PANTONE 1234 C,1
PANTONE_1235_C,1235,C,PANTONE 1235 C,1
PANTONE_1236_C,1236,C,PANTONE 1236 C,1
PANTONE_1237_C,1237,C,PANTONE 1237 C,1
PANTONE_1238_C,1238,C,PANTONE 1238 C,1
PANTONE_1239_C,1239,C,PANTONE 1239 C,1
PANTONE_1240_C,1240,C,PANTONE 1240 C,1
PANTONE_1241_C,1241,C,PANTONE 1241 C,1
PANTONE_1242_C,1242,C,PANTONE 1242 C,1
PANTONE_1243_C,1243,C,PANTONE 1243 C,1
PANTONE_1244_C,1244,C,PANTONE 1244 C,1
PANTONE_1245_C,1245,C,PANTONE 1245 C,1
PANTONE_1246_C,1246,C,PANTONE 1246 C,1
PANTONE_1247_C,1247,C,PANTONE 1247 C,1
PANTONE_1248_C,1248,C,PANTONE 1248 C,1
PANTONE_1249_C,1249,C,PANTONE 1249 C,1
PANTONE_1250_C,1250,C,PANTONE 1250 C,1
PANTONE_1251_C,1251,C,PANTONE 1251 C,1
PANTONE_1252_C,1252,C,PANTONE 1252 C,1
PANTONE_1253_C,1253,C,PANTONE 1253 C,1
PANTONE_1254_C,1254,C,PANTONE 1254 C,1
PANTONE_1255_C,1255,C,PANTONE 1255 C,1
PANTONE_1256_C,1256,C,PANTONE 1256 C,1
PANTONE_1257_C,1257,C,PANTONE 1257 C,1
PANTONE_1258_C,1258,C,PANTONE 1258 C,1
PANTONE_1259_C,1259,C,PANTONE 1259 C,1
PANTONE_1260_C,1260,C,PANTONE 1260 C,1
PANTONE_1261_C,1261,C,PANTONE 1261 C,1
PANTONE_1262_C,1262,C,PANTONE 1262 C,1
PANTONE_1263_C,1263,C,PANTONE 1263 C,1
PANTONE_1264_C,1264,C,PANTONE 1264 C,1
PANTONE_1265_C,1265,C,PANTONE 1265 C,1
PANTONE_1266_C,1266,C,PANTONE 1266 C,1
PANTONE_1267_C,1267,C,PANTONE 1267 C,1
PANTONE_1268_C,1268,C,PANTONE 1268 C,1
PANTONE_1269_C,1269,C,PANTONE 1269 C,1
PANTONE_1270_C,1270,C,PANTONE 1270 C,1
PANTONE_1271_C,1271,C,PANTONE 1271 C,1
PANTONE_1272_C,1272,C,PANTONE 1272 C,1
PANTONE_1273_C,1273,C,PANTONE 1273 C,1
PANTONE_1274_C,1274,C,PANTONE 1274 C,1
PANTONE_1275_C,1275,C,PANTONE 1275 C,1
PANTONE_1276_C,1276,C,PANTONE 1276 C,1
PANTONE_1277_C,1277,C,PANTONE 1277 C,1
PANTONE_1278_C,1278,C,PANTONE 1278 C,1
PANTONE_1279_C,1279,C,PANTONE 1279 C,1
PANTONE_1280_C,1280,C,PANTONE 1280 C,1
PANTONE_1281_C,1281,C,PANTONE 1281 C,1
PANTONE_1282_C,1282,C,PANTONE 1282 C,1
PANTONE_1283_C,1283,C,PANTONE 1283 C,1
PANTONE_1284_C,1284,C,PANTONE 1284 C,1
PANTONE_1285_C,1285,C,PANTONE 1285 C,1
PANTONE_1286_C,1286,C,PANTONE 1286 C,1
PANTONE_1287_C,1287,C,PANTONE 1287 C,1
PANTONE_1288_C,1288,C,PANTONE 1288 C,1
PANTONE_1289_C,1289,C,PANTONE 1289 C,1
PANTONE_1290_C,1290,C,PANTONE 1290 C,1
PANTONE_1291_C,1291,C,PANTONE 1291 C,1
PANTONE_1292_C,1292,C,PANTONE 1292 C,1
PANTONE_1293_C,1293,C,PANTONE 1293 C,1
PANTONE_1294_C,1294,C,PANTONE 1294 C,1
PANTONE_1295_C,1295,C,PANTONE 1295 C,1
PANTONE_1296_C,1296,C,PANTONE 1296 C,1
PANTONE_1297_C,1297,C,PANTONE 1297 C,1
PANTONE_1298_C,1298,C,PANTONE 1298 C,1
PANTONE_1299_C,1299,C,PANTONE 1299 C,1
PANTONE_1300_C,1300,C,PANTONE 1300 C,1
PANTONE_1301_C,1301,C,PANTONE 1301 C,1
PANTONE_1302_C,1302,C,PANTONE 1302 C,1
PANTONE_1303_C,1303,C,PANTONE 1303 C,1
PANTONE_1304_C,1304,C,PANTONE 1304 C,1
PANTONE_1305_C,1305,C,PANTONE 1305 C,1
PANTONE_1306_C,1306,C,PANTONE 1306 C,1
PANTONE_1307_C,1307,C,PANTONE 1307 C,1
PANTONE_1308_C,1308,C,PANTONE 1308 C,1
PANTONE_1309_C,1309,C,PANTONE 1309 C,1
PANTONE_1310_C,1310,C,PANTONE 1310 C,1
PANTONE_1311_C,1311,C,PANTONE 1311 C,1
PANTONE_1312_C,1312,C,PANTONE 1312 C,1
PANTONE_1313_C,1313,C,PANTONE 1313 C,1
PANTONE_1314_C,1314,C,PANTONE 1314 C,1
PANTONE_1315_C,1315,C,PANTONE 1315 C,1
PANTONE_1316_C,1316,C,PANTONE 1316 C,1
PANTONE_1317_C,1317,C,PANTONE 1317 C,1
PANTONE_1318_C,1318,C,PANTONE 1318 C,1
PANTONE_1319_C,1319,C,PANTONE 1319 C,1
PANTONE_1320_C,1320,C,PANTONE 1320 C,1
PANTONE_1321_C,1321,C,PANTONE 1321 C,1
PANTONE_1322_C,1322,C,PANTONE 1322 C,1
PANTONE_1323_C,1323,C,PANTONE 1323 C,1
PANTONE_1324_C,1324,C,PANTONE 1324 C,1
PANTONE_1325_C,1325,C,PANTONE 1325 C,1
PANTONE_1326_C,1326,C,PANTONE 1326 C,1
PANTONE_1327_C,1327,C,PANTONE 1327 C,1
PANTONE_1328_C,1328,C,PANTONE 1328 C,1
PANTONE_1329_C,1329,C,PANTONE 1329 C,1
PANTONE_1330_C,1330,C,PANTONE 1330 C,1
PANTONE_1331_C,1331,C,PANTONE 1331 C,1
PANTONE_1332_C,1332,C,PANTONE 1332 C,1
PANTONE_1333_C,1333,C,PANTONE 1333 C,1
PANTONE_1334_C,1334,C,PANTONE 1334 C,1
PANTONE_1335_C,1335,C,PANTONE 1335 C,1
PANTONE_1336_C,1336,C,PANTONE 1336 C,1
PANTONE_1337_C,1337,C,PANTONE 1337 C,1
PANTONE_1338_C,1338,C,PANTONE 1338 C,1
PANTONE_1339_C,1339,C,PANTONE 1339 C,1
PANTONE_1340_C,1340,C,PANTONE 1340 C,1
PANTONE_1341_C,1341,C,PANTONE 1341 C,1
PANTONE_1342_C,1342,C,PANTONE 1342 C,1
PANTONE_1343_C,1343,C,PANTONE 1343 C,1
PANTONE_1344_C,1344,C,PANTONE 1344 C,1
PANTONE_1345_C,1345,C,PANTONE 1345 C,1
PANTONE_1346_C,1346,C,PANTONE 1346 C,1
PANTONE_1347_C,1347,C,PANTONE 1347 C,1
PANTONE_1348_C,1348,C,PANTONE 1348 C,1
PANTONE_1349_C,1349,C,PANTONE 1349 C,1
PANTONE_1350_C,1350,C,PANTONE 1350 C,1
PANTONE_1351_C,1351,C,PANTONE 1351 C,1
PANTONE_1352_C,1352,C,PANTONE 1352 C,1
PANTONE_1353_C,1353,C,PANTONE 1353 C,1
PANTONE_1354_C,1354,C,PANTONE 1354 C,1
PANTONE_1355_C,1355,C,PANTONE 1355 C,1
PANTONE_1356_C,1356,C,PANTONE 1356 C,1
PANTONE_1357_C,1357,C,PANTONE 1357 C,1
PANTONE_1358_C,1358,C,PANTONE 1358 C,1
PANTONE_1359_C,1359,C,PANTONE 1359 C,1
PANTONE_1360_C,1360,C,PANTONE 1360 C,1
PANTONE_1361_C,1361,C,PANTONE 1361 C,1
PANTONE_1362_C,1362,C,PANTONE 1362 C,1
PANTONE_1363_C,1363,C,PANTONE 1363 C,1
PANTONE_1364_C,1364,C,PANTONE 1364 C,1
PANTONE_1365_C,1365,C,PANTONE 1365 C,1
PANTONE_1366_C,1366,C,PANTONE 1366 C,1
PANTONE_1367_C,1367,C,PANTONE 1367 C,1
PANTONE_1368_C,1368,C,PANTONE 1368 C,1
PANTONE_1369_C,1369,C,PANTONE 1369 C,1
PANTONE_1370_C,1370,C,PANTONE 1370 C,1
PANTONE_1371_C,1371,C,PANTONE 1371 C,1
PANTONE_1372_C,1372,C,PANTONE 1372 C,1
PANTONE_1373_C,1373,C,PANTONE 1373 C,1
PANTONE_1374_C,1374,C,PANTONE 1374 C,1
PANTONE_1375_C,1375,C,PANTONE 1375 C,1
PANTONE_1376_C,1376,C,PANTONE 1376 C,1
PANTONE_1377_C,1377,C,PANTONE 1377 C,1
PANTONE_1378_C,1378,C,PANTONE 1378 C,1
PANTONE_1379_C,1379,C,PANTONE 1379 C,1
PANTONE_1380_C,1380,C,PANTONE 1380 C,1
PANTONE_1381_C,1381,C,PANTONE 1381 C,1
PANTONE_1382_C,1382,C,PANTONE 1382 C,1
PANTONE_1383_C,1383,C,PANTONE 1383 C,1
PANTONE_1384_C,1384,C,PANTONE 1384 C,1
PANTONE_1385_C,1385,C,PANTONE 1385 C,1
PANTONE_1386_C,1386,C,PANTONE 1386 C,1
PANTONE_1387_C,1387,C,PANTONE 1387 C,1
PANTONE_1388_C,1388,C,PANTONE 1388 C,1
PANTONE_1389_C,1389,C,PANTONE 1389 C,1
PANTONE_1390_C,1390,C,PANTONE 1390 C,1
PANTONE_1391_C,1391,C,PANTONE 1391 C,1
PANTONE_1392_C,1392,C,PANTONE 1392 C,1
PANTONE_1393_C,1393,C,PANTONE 1393 C,1
PANTONE_1394_C,1394,C,PANTONE 1394 C,1
PANTONE_1395_C,1395,C,PANTONE 1395 C,1
PANTONE_1396_C,1396,C,PANTONE 1396 C,1
PANTONE_1397_C,1397,C,PANTONE 1397 C,1
PANTONE_1398_C,1398,C,PANTONE 1398 C,1
PANTONE_1399_C,1399,C,PANTONE 1399 C,1
PANTONE_1400_C,1400,C,PANTONE 1400 C,1
PANTONE_1401_C,1401,C,PANTONE 1401 C,1
PANTONE_1402_C,1402,C,PANTONE 1402 C,1
PANTONE_1403_C,1403,C,PANTONE 1403 C,1
PANTONE_1404_C,1404,C,PANTONE 1404 C,1
PANTONE_1405_C,1405,C,PANTONE 1405 C,1
PANTONE_1406_C,1406,C,PANTONE 1406 C,1
PANTONE_1407_C,1407,C,PANTONE 1407 C,1
PANTONE_1408_C,1408,C,PANTONE 1408 C,1
PANTONE_1409_C,1409,C,PANTONE 1409 C,1
PANTONE_1410_C,1410,C,PANTONE 1410 C,1
PANTONE_1411_C,1411,C,PANTONE 1411 C,1
PANTONE_1412_C,1412,C,PANTONE 1412 C,1
PANTONE_1413_C,1413,C,PANTONE 1413 C,1
PANTONE_1414_C,1414,C,PANTONE 1414 C,1
PANTONE_1415_C,1415,C,PANTONE 1415 C,1
PANTONE_1416_C,1416,C,PANTONE 1416 C,1
PANTONE_1417_C,1417,C,PANTONE 1417 C,1
PANTONE_1418_C,1418,C,PANTONE 1418 C,1
PANTONE_1419_C,1419,C,PANTONE 1419 C,1
PANTONE_1420_C,1420,C,PANTONE 1420 C,1
PANTONE_1421_C,1421,C,PANTONE 1421 C,1
PANTONE_1422_C,1422,C,PANTONE 1422 C,1
PANTONE_1423_C,1423,C,PANTONE 1423 C,1
PANTONE_1424_C,1424,C,PANTONE 1424 C,1
PANTONE_1425_C,1425,C,PANTONE 1425 C,1
PANTONE_1426_C,1426,C,PANTONE 1426 C,1
PANTONE_1427_C,1427,C,PANTONE 1427 C,1
PANTONE_1428_C,1428,C,PANTONE 1428 C,1
PANTONE_1429_C,1429,C,PANTONE 1429 C,1
PANTONE_1430_C,1430,C,PANTONE 1430 C,1
PANTONE_1431_C,1431,C,PANTONE 1431 C,1
PANTONE_1432_C,1432,C,PANTONE 1432 C,1
PANTONE_1433_C,1433,C,PANTONE 1433 C,1
PANTONE_1434_C,1434,C,PANTONE 1434 C,1
PANTONE_1435_C,1435,C,PANTONE 1435 C,1
PANTONE_1436_C,1436,C,PANTONE 1436 C,1
PANTONE_1437_C,1437,C,PANTONE 1437 C,1
PANTONE_1438_C,1438,C,PANTONE 1438 C,1
PANTONE_1439_C,1439,C,PANTONE 1439 C,1
PANTONE_1440_C,1440,C,PANTONE 1440 C,1
PANTONE_1441_C,1441,C,PANTONE 1441 C,1
PANTONE_1442_C,1442,C,PANTONE 1442 C,1
PANTONE_1443_C,1443,C,PANTONE 1443 C,1
PANTONE_1444_C,1444,C,PANTONE 1444 C,1
PANTONE_1445_C,1445,C,PANTONE 1445 C,1
PANTONE_1446_C,1446,C,PANTONE 1446 C,1
PANTONE_1447_C,1447,C,PANTONE 1447 C,1
PANTONE_1448_C,1448,C,PANTONE 1448 C,1
PANTONE_1449_C,1449,C,PANTONE 1449 C,1
PANTONE_1450_C,1450,C,PANTONE 1450 C,1
PANTONE_1451_C,1451,C,PANTONE 1451 C,1
PANTONE_1452_C,1452,C,PANTONE 1452 C,1
PANTONE_1453_C,1453,C,PANTONE 1453 C,1
PANTONE_1454_C,1454,C,PANTONE 1454 C,1
PANTONE_1455_C,1455,C,PANTONE 1455 C,1
PANTONE_1456_C,1456,C,PANTONE 1456 C,1
PANTONE_1457_C,1457,C,PANTONE 1457 C,1
PANTONE_1458_C,1458,C,PANTONE 1458 C,1
PANTONE_1459_C,1459,C,PANTONE 1459 C,1
PANTONE_1460_C,1460,C,PANTONE 1460 C,1
PANTONE_1461_C,1461,C,PANTONE 1461 C,1
PANTONE_1462_C,1462,C,PANTONE 1462 C,1
PANTONE_1463_C,1463,C,PANTONE 1463 C,1
PANTONE_1464_C,1464,C,PANTONE 1464 C,1
PANTONE_1465_C,1465,C,PANTONE 1465 C,1
PANTONE_1466_C,1466,C,PANTONE 1466 C,1
PANTONE_1467_C,1467,C,PANTONE 1467 C,1
PANTONE_1468_C,1468,C,PANTONE 1468 C,1
PANTONE_1469_C,1469,C,PANTONE 1469 C,1
PANTONE_1470_C,1470,C,PANTONE 1470 C,1
PANTONE_1471_C,1471,C,PANTONE 1471 C,1
PANTONE_1472_C,1472,C,PANTONE 1472 C,1
PANTONE_1473_C,1473,C,PANTONE 1473 C,1
PANTONE_1474_C,1474,C,PANTONE 1474 C,1
PANTONE_1475_C,1475,C,PANTONE 1475 C,1
PANTONE_1476_C,1476,C,PANTONE 1476 C,1
PANTONE_1477_C,1477,C,PANTONE 1477 C,1
PANTONE_1478_C,1478,C,PANTONE 1478 C,1
PANTONE_1479_C,1479,C,PANTONE 1479 C,1
PANTONE_1480_C,1480,C,PANTONE 1480 C,1
PANTONE_1481_C,1481,C,PANTONE 1481 C,1
PANTONE_1482_C,1482,C,PANTONE 1482 C,1
PANTONE_1483_C,1483,C,PANTONE 1483 C,1
PANTONE_1484_C,1484,C,PANTONE 1484 C,1
PANTONE_1485_C,1485,C,PANTONE 1485 C,1
PANTONE_1486_C,1486,C,PANTONE 1486 C,1
PANTONE_1487_C,1487,C,PANTONE 1487 C,1
PANTONE_1488_C,1488,C,PANTONE 1488 C,1
PANTONE_1489_C,1489,C,PANTONE 1489 C,1
PANTONE_1490_C,1490,C,PANTONE 1490 C,1
PANTONE_1491_C,1491,C,PANTONE 1491 C,1
PANTONE_1492_C,1492,C,PANTONE 1492 C,1
PANTONE_1493_C,1493,C,PANTONE 1493 C,1
PANTONE_1494_C,1494,C,PANTONE 1494 C,1
PANTONE_1495_C,1495,C,PANTONE 1495 C,1
PANTONE_1496_C,1496,C,PANTONE 1496 C,1
PANTONE_1497_C,1497,C,PANTONE 1497 C,1
PANTONE_1498_C,1498,C,PANTONE 1498 C,1
PANTONE_1499_C,1499,C,PANTONE 1499 C,1
PANTONE_1500_C,1500,C,PANTONE 1500 C,1
PANTONE_1501_C,1501,C,PANTONE 1501 C,1
PANTONE_1502_C,1502,C,PANTONE 1502 C,1
PANTONE_1503_C,1503,C,PANTONE 1503 C,1
PANTONE_1504_C,1504,C,PANTONE 1504 C,1
PANTONE_1505_C,1505,C,PANTONE 1505 C,1
PANTONE_1506_C,1506,C,PANTONE 1506 C,1
PANTONE_1507_C,1507,C,PANTONE 1507 C,1
PANTONE_1508_C,1508,C,PANTONE 1508 C,1
PANTONE_1509_C,1509,C,PANTONE 1509 C,1
PANTONE_1510_C,1510,C,PANTONE 1510 C,1
PANTONE_1511_C,1511,C,PANTONE 1511 C,1
PANTONE_1512_C,1512,C,PANTONE 1512 C,1
PANTONE_1513_C,1513,C,PANTONE 1513 C,1
PANTONE_1514_C,1514,C,PANTONE 1514 C,1
PANTONE_1515_C,1515,C,PANTONE 1515 C,1
PANTONE_1516_C,1516,C,PANTONE 1516 C,1
PANTONE_1517_C,1517,C,PANTONE 1517 C,1
PANTONE_1518_C,1518,C,PANTONE 1518 C,1
PANTONE_1519_C,1519,C,PANTONE 1519 C,1
PANTONE_1520_C,1520,C,PANTONE 1520 C,1
PANTONE_1521_C,1521,C,PANTONE 1521 C,1
PANTONE_1522_C,1522,C,PANTONE 1522 C,1
PANTONE_1523_C,1523,C,PANTONE 1523 C,1
PANTONE_1524_C,1524,C,PANTONE 1524 C,1
PANTONE_1525_C,1525,C,PANTONE 1525 C,1
PANTONE_1526_C,1526,C,PANTONE 1526 C,1
PANTONE_1527_C,1527,C,PANTONE 1527 C,1
PANTONE_1528_C,1528,C,PANTONE 1528 C,1
PANTONE_1529_C,1529,C,PANTONE 1529 C,1
PANTONE_1530_C,1530,C,PANTONE 1530 C,1
PANTONE_1531_C,1531,C,PANTONE 1531 C,1
PANTONE_1532_C,1532,C,PANTONE 1532 C,1
PANTONE_1533_C,1533,C,PANTONE 1533 C,1
PANTONE_1534_C,1534,C,PANTONE 1534 C,1
PANTONE_1535_C,1535,C,PANTONE 1535 C,1
PANTONE_1536_C,1536,C,PANTONE 1536 C,1
PANTONE_1537_C,1537,C,PANTONE 1537 C,1
PANTONE_1538_C,1538,C,PANTONE 1538 C,1
PANTONE_1539_C,1539,C,PANTONE 1539 C,1
PANTONE_1540_C,1540,C,PANTONE 1540 C,1
PANTONE_1541_C,1541,C,PANTONE 1541 C,1
PANTONE_1542_C,1542,C,PANTONE 1542 C,1
PANTONE_1543_C,1543,C,PANTONE 1543 C,1
PANTONE_1544_C,1544,C,PANTONE 1544 C,1
PANTONE_1545_C,1545,C,PANTONE 1545 C,1
PANTONE_1546_C,1546,C,PANTONE 1546 C,1
PANTONE_1547_C,1547,C,PANTONE 1547 C,1
PANTONE_1548_C,1548,C,PANTONE 1548 C,1
PANTONE_1549_C,1549,C,PANTONE 1549 C,1
PANTONE_1550_C,1550,C,PANTONE 1550 C,1
PANTONE_1551_C,1551,C,PANTONE 1551 C,1
PANTONE_1552_C,1552,C,PANTONE 1552 C,1
PANTONE_1553_C,1553,C,PANTONE 1553 C,1
PANTONE_1554_C,1554,C,PANTONE 1554 C,1
PANTONE_1555_C,1555,C,PANTONE 1555 C,1
PANTONE_1556_C,1556,C,PANTONE 1556 C,1
PANTONE_1557_C,1557,C,PANTONE 1557 C,1
PANTONE_1558_C,1558,C,PANTONE 1558 C,1
PANTONE_1559_C,1559,C,PANTONE 1559 C,1
PANTONE_1560_C,1560,C,PANTONE 1560 C,1
PANTONE_1561_C,1561,C,PANTONE 1561 C,1
PANTONE_1562_C,1562,C,PANTONE 1562 C,1
PANTONE_1563_C,1563,C,PANTONE 1563 C,1
PANTONE_1564_C,1564,C,PANTONE 1564 C,1
PANTONE_1565_C,1565,C,PANTONE 1565 C,1
PANTONE_1566_C,1566,C,PANTONE 1566 C,1
PANTONE_1567_C,1567,C,PANTONE 1567 C,1
PANTONE_1568_C,1568,C,PANTONE 1568 C,1
PANTONE_1569_C,1569,C,PANTONE 1569 C,1
PANTONE_1570_C,1570,C,PANTONE 1570 C,1
PANTONE_1571_C,1571,C,PANTONE 1571 C,1
PANTONE_1572_C,1572,C,PANTONE 1572 C,1
PANTONE_1573_C,1573,C,PANTONE 1573 C,1
PANTONE_1574_C,1574,C,PANTONE 1574 C,1
PANTONE_1575_C,1575,C,PANTONE 1575 C,1
PANTONE_1576_C,1576,C,PANTONE 1576 C,1
PANTONE_1577_C,1577,C,PANTONE 1577 C,1
PANTONE_1578_C,1578,C,PANTONE 1578 C,1
PANTONE_1579_C,1579,C,PANTONE 1579 C,1
PANTONE_1580_C,1580,C,PANTONE 1580 C,1
PANTONE_1581_C,1581,C,PANTONE 1581 C,1
PANTONE_1582_C,1582,C,PANTONE 1582 C,1
PANTONE_1583_C,1583,C,PANTONE 1583 C,1
PANTONE_1584_C,1584,C,PANTONE 1584 C,1
PANTONE_1585_C,1585,C,PANTONE 1585 C,1
PANTONE_1586_C,1586,C,PANTONE 1586 C,1
PANTONE_1587_C,1587,C,PANTONE 1587 C,1
PANTONE_1588_C,1588,C,PANTONE 1588 C,1
PANTONE_1589_C,1589,C,PANTONE 1589 C,1
PANTONE_1590_C,1590,C,PANTONE 1590 C,1
PANTONE_1591_C,1591,C,PANTONE 1591 C,1
PANTONE_1592_C,1592,C,PANTONE 1592 C,1
PANTONE_1593_C,1593,C,PANTONE 1593 C,1
PANTONE_1594_C,1594,C,PANTONE 1594 C,1
PANTONE_1595_C,1595,C,PANTONE 1595 C,1
PANTONE_1596_C,1596,C,PANTONE 1596 C,1
PANTONE_1597_C,1597,C,PANTONE 1597 C,1
PANTONE_1598_C,1598,C,PANTONE 1598 C,1
PANTONE_1599_C,1599,C,PANTONE 1599 C,1
PANTONE_1600_C,1600,C,PANTONE 1600 C,1
PANTONE_1601_C,1601,C,PANTONE 1601 C,1
PANTONE_1602_C,1602,C,PANTONE 1602 C,1
PANTONE_1603_C,1603,C,PANTONE 1603 C,1
PANTONE_1604_C,1604,C,PANTONE 1604 C,1
PANTONE_1605_C,1605,C,PANTONE 1605 C,1
PANTONE_1606_C,1606,C,PANTONE 1606 C,1
PANTONE_1607_C,1607,C,PANTONE 1607 C,1
PANTONE_1608_C,1608,C,PANTONE 1608 C,1
PANTONE_1609_C,1609,C,PANTONE 1609 C,1
PANTONE_1610_C,1610,C,PANTONE 1610 C,1
PANTONE_1611_C,1611,C,PANTONE 1611 C,1
PANTONE_1612_C,1612,C,PANTONE 1612 C,1
PANTONE_1613_C,1613,C,PANTONE 1613 C,1
PANTONE_1614_C,1614,C,PANTONE 1614 C,1
PANTONE_1615_C,1615,C,PANTONE 1615 C,1
PANTONE_1616_C,1616,C,PANTONE 1616 C,1
PANTONE_1617_C,1617,C,PANTONE 1617 C,1
PANTONE_1618_C,1618,C,PANTONE 1618 C,1
PANTONE_1619_C,1619,C,PANTONE 1619 C,1
PANTONE_1620_C,1620,C,PANTONE 1620 C,1
PANTONE_1621_C,1621,C,PANTONE 1621 C,1
PANTONE_1622_C,1622,C,PANTONE 1622 C,1
PANTONE_1623_C,1623,C,PANTONE 1623 C,1
PANTONE_1624_C,1624,C,PANTONE 1624 C,1
PANTONE_1625_C,1625,C,PANTONE 1625 C,1
PANTONE_1626_C,1626,C,PANTONE 1626 C,1
PANTONE_1627_C,1627,C,PANTONE 1627 C,1
PANTONE_1628_C,1628,C,PANTONE 1628 C,1
PANTONE_1629_C,1629,C,PANTONE 1629 C,1
PANTONE_1630_C,1630,C,PANTONE 1630 C,1
PANTONE_1631_C,1631,C,PANTONE 1631 C,1
PANTONE_1632_C,1632,C,PANTONE 1632 C,1
PANTONE_1633_C,1633,C,PANTONE 1633 C,1
PANTONE_1634_C,1634,C,PANTONE 1634 C,1
PANTONE_1635_C,1635,C,PANTONE 1635 C,1
PANTONE_1636_C,1636,C,PANTONE 1636 C,1
PANTONE_1637_C,1637,C,PANTONE 1637 C,1
PANTONE_1638_C,1638,C,PANTONE 1638 C,1
PANTONE_1639_C,1639,C,PANTONE 1639 C,1
PANTONE_1640_C,1640,C,PANTONE 1640 C,1
PANTONE_1641_C,1641,C,PANTONE 1641 C,1
PANTONE_1642_C,1642,C,PANTONE 1642 C,1
PANTONE_1643_C,1643,C,PANTONE 1643 C,1
PANTONE_1644_C,1644,C,PANTONE 1644 C,1
PANTONE_1645_C,1645,C,PANTONE 1645 C,1
PANTONE_1646_C,1646,C,PANTONE 1646 C,1
PANTONE_1647_C,1647,C,PANTONE 1647 C,1
PANTONE_1648_C,1648,C,PANTONE 1648 C,1
PANTONE_1649_C,1649,C,PANTONE 1649 C,1
PANTONE_1650_C,1650,C,PANTONE 1650 C,1
PANTONE_1651_C,1651,C,PANTONE 1651 C,1
PANTONE_1652_C,1652,C,PANTONE 1652 C,1
PANTONE_1653_C,1653,C,PANTONE 1653 C,1
PANTONE_1654_C,1654,C,PANTONE 1654 C,1
PANTONE_1655_C,1655,C,PANTONE 1655 C,1
PANTONE_1656_C,1656,C,PANTONE 1656 C,1
PANTONE_1657_C,1657,C,PANTONE 1657 C,1
PANTONE_1658_C,1658,C,PANTONE 1658 C,1
PANTONE_1659_C,1659,C,PANTONE 1659 C,1
PANTONE_1660_C,1660,C,PANTONE 1660 C,1
PANTONE_1661_C,1661,C,PANTONE 1661 C,1
PANTONE_1662_C,1662,C,PANTONE 1662 C,1
PANTONE_1663_C,1663,C,PANTONE 1663 C,1
PANTONE_1664_C,1664,C,PANTONE 1664 C,1
PANTONE_1665_C,1665,C,PANTONE 1665 C,1
PANTONE_1666_C,1666,C,PANTONE 1666 C,1
PANTONE_1667_C,1667,C,PANTONE 1667 C,1
PANTONE_1668_C,1668,C,PANTONE 1668 C,1
PANTONE_1669_C,1669,C,PANTONE 1669 C,1
PANTONE_1670_C,1670,C,PANTONE 1670 C,1
PANTONE_1671_C,1671,C,PANTONE 1671 C,1
PANTONE_1672_C,1672,C,PANTONE 1672 C,1
PANTONE_1673_C,1673,C,PANTONE 1673 C,1
PANTONE_1674_C,1674,C,PANTONE 1674 C,1
PANTONE_1675_C,1675,C,PANTONE 1675 C,1
PANTONE_1676_C,1676,C,PANTONE 1676 C,1
PANTONE_1677_C,1677,C,PANTONE 1677 C,1
PANTONE_1678_C,1678,C,PANTONE 1678 C,1
PANTONE_1679_C,1679,C,PANTONE 1679 C,1
PANTONE_1680_C,1680,C,PANTONE 1680 C,1
PANTONE_1681_C,1681,C,PANTONE 1681 C,1
PANTONE_1682_C,1682,C,PANTONE 1682 C,1
PANTONE_1683_C,1683,C,PANTONE 1683 C,1
PANTONE_1684_C,1684,C,PANTONE 1684 C,1
PANTONE_1685_C,1685,C,PANTONE 1685 C,1
PANTONE_1686_C,1686,C,PANTONE 1686 C,1
PANTONE_1687_C,1687,C,PANTONE 1687 C,1
PANTONE_1688_C,1688,C,PANTONE 1688 C,1
PANTONE_1689_C,1689,C,PANTONE 1689 C,1
PANTONE_1690_C,1690,C,PANTONE 1690 C,1
PANTONE_1691_C,1691,C,PANTONE 1691 C,1
PANTONE_1692_C,1692,C,PANTONE 1692 C,1
PANTONE_1693_C,1693,C,PANTONE 1693 C,1
PANTONE_1694_C,1694,C,PANTONE 1694 C,1
PANTONE_1695_C,1695,C,PANTONE 1695 C,1
PANTONE_1696_C,1696,C,PANTONE 1696 C,1
PANTONE_1697_C,1697,C,PANTONE 1697 C,1
PANTONE_1698_C,1698,C,PANTONE 1698 C,1
PANTONE_1699_C,1699,C,PANTONE 1699 C,1
PANTONE_1700_C,1700,C,PANTONE 1700 C,1
PANTONE_1701_C,1701,C,PANTONE 1701 C,1
PANTONE_1702_C,1702,C,PANTONE 1702 C,1
PANTONE_1703_C,1703,C,PANTONE 1703 C,1
PANTONE_1704_C,1704,C,PANTONE 1704 C,1
PANTONE_1705_C,1705,C,PANTONE 1705 C,1
PANTONE_1706_C,1706,C,PANTONE 1706 C,1
PANTONE_1707_C,1707,C,PANTONE 1707 C,1
PANTONE_1708_C,1708,C,PANTONE 1708 C,1
PANTONE_1709_C,1709,C,PANTONE 1709 C,1
PANTONE_1710_C,1710,C,PANTONE 1710 C,1
PANTONE_1711_C,1711,C,PANTONE 1711 C,1
PANTONE_1712_C,1712,C,PANTONE 1712 C,1
PANTONE_1713_C,1713,C,PANTONE 1713 C,1
PANTONE_1714_C,1714,C,PANTONE 1714 C,1
PANTONE_1715_C,1715,C,PANTONE 1715 C,1
PANTONE_1716_C,1716,C,PANTONE 1716 C,1
PANTONE_1717_C,1717,C,PANTONE 1717 C,1
PANTONE_1718_C,1718,C,PANTONE 1718 C,1
PANTONE_1719_C,1719,C,PANTONE 1719 C,1
PANTONE_1720_C,1720,C,PANTONE 1720 C,1
PANTONE_1721_C,1721,C,PANTONE 1721 C,1
PANTONE_1722_C,1722,C,PANTONE 1722 C,1
PANTONE_1723_C,1723,C,PANTONE 1723 C,1
PANTONE_1724_C,1724,C,PANTONE 1724 C,1
PANTONE_1725_C,1725,C,PANTONE 1725 C,1
PANTONE_1726_C,1726,C,PANTONE 1726 C,1
PANTONE_1727_C,1727,C,PANTONE 1727 C,1
PANTONE_1728_C,1728,C,PANTONE 1728 C,1
PANTONE_1729_C,1729,C,PANTONE 1729 C,1
PANTONE_1730_C,1730,C,PANTONE 1730 C,1
PANTONE_1731_C,1731,C,PANTONE 1731 C,1
PANTONE_1732_C,1732,C,PANTONE 1732 C,1
PANTONE_1733_C,1733,C,PANTONE 1733 C,1
PANTONE_1734_C,1734,C,PANTONE 1734 C,1
PANTONE_1735_C,1735,C,PANTONE 1735 C,1
PANTONE_1736_C,1736,C,PANTONE 1736 C,1
PANTONE_1737_C,1737,C,PANTONE 1737 C,1
PANTONE_1738_C,1738,C,PANTONE 1738 C,1
PANTONE_1739_C,1739,C,PANTONE 1739 C,1
PANTONE_1740_C,1740,C,PANTONE 1740 C,1
PANTONE_1741_C,1741,C,PANTONE 1741 C,1
PANTONE_1742_C,1742,C,PANTONE 1742 C,1
PANTONE_1743_C,1743,C,PANTONE 1743 C,1
PANTONE_1744_C,1744,C,PANTONE 1744 C,1
PANTONE_1745_C,1745,C,PANTONE 1745 C,1
PANTONE_1746_C,1746,C,PANTONE 1746 C,1
PANTONE_1747_C,1747,C,PANTONE 1747 C,1
PANTONE_1748_C,1748,C,PANTONE 1748 C,1
PANTONE_1749_C,1749,C,PANTONE 1749 C,1
PANTONE_1750_C,1750,C,PANTONE 1750 C,1
PANTONE_1751_C,1751,C,PANTONE 1751 C,1
PANTONE_1752_C,1752,C,PANTONE 1752 C,1
PANTONE_1753_C,1753,C,PANTONE 1753 C,1
PANTONE_1754_C,1754,C,PANTONE 1754 C,1
PANTONE_1755_C,1755,C,PANTONE 1755 C,1
PANTONE_1756_C,1756,C,PANTONE 1756 C,1
PANTONE_1757_C,1757,C,PANTONE 1757 C,1
PANTONE_1758_C,1758,C,PANTONE 1758 C,1
PANTONE_1759_C,1759,C,PANTONE 1759 C,1
PANTONE_1760_C,1760,C,PANTONE 1760 C,1
PANTONE_1761_C,1761,C,PANTONE 1761 C,1
PANTONE_1762_C,1762,C,PANTONE 1762 C,1
PANTONE_1763_C,1763,C,PANTONE 1763 C,1
PANTONE_1764_C,1764,C,PANTONE 1764 C,1
PANTONE_1765_C,1765,C,PANTONE 1765 C,1
PANTONE_1766_C,1766,C,PANTONE 1766 C,1
PANTONE_1767_C,1767,C,PANTONE 1767 C,1
PANTONE_1768_C,1768,C,PANTONE 1768 C,1
PANTONE_1769_C,1769,C,PANTONE 1769 C,1
PANTONE_1770_C,1770,C,PANTONE 1770 C,1
PANTONE_1771_C,1771,C,PANTONE 1771 C,1
PANTONE_1772_C,1772,C,PANTONE 1772 C,1
PANTONE_1773_C,1773,C,PANTONE 1773 C,1
PANTONE_1774_C,1774,C,PANTONE 1774 C,1
PANTONE_1775_C,1775,C,PANTONE 1775 C,1
PANTONE_1776_C,1776,C,PANTONE 1776 C,1
PANTONE_1777_C,1777,C,PANTONE 1777 C,1
PANTONE_1778_C,1778,C,PANTONE 1778 C,1
PANTONE_1779_C,1779,C,PANTONE 1779 C,1
PANTONE_1780_C,1780,C,PANTONE 1780 C,1
PANTONE_1781_C,1781,C,PANTONE 1781 C,1
PANTONE_1782_C,1782,C,PANTONE 1782 C,1
PANTONE_1783_C,1783,C,PANTONE 1783 C,1
PANTONE_1784_C,1784,C,PANTONE 1784 C,1
PANTONE_1785_C,1785,C,PANTONE 1785 C,1
PANTONE_1786_C,1786,C,PANTONE 1786 C,1
PANTONE_1787_C,1787,C,PANTONE 1787 C,1
PANTONE_1788_C,1788,C,PANTONE 1788 C,1
PANTONE_1789_C,1789,C,PANTONE 1789 C,1
PANTONE_1790_C,1790,C,PANTONE 1790 C,1
PANTONE_1791_C,1791,C,PANTONE 1791 C,1
PANTONE_1792_C,1792,C,PANTONE 1792 C,1
PANTONE_1793_C,1793,C,PANTONE 1793 C,1
PANTONE_1794_C,1794,C,PANTONE 1794 C,1
PANTONE_1795_C,1795,C,PANTONE 1795 C,1
PANTONE_1796_C,1796,C,PANTONE 1796 C,1
PANTONE_1797_C,1797,C,PANTONE 1797 C,1
PANTONE_1798_C,1798,C,PANTONE 1798 C,1
PANTONE_1799_C,1799,C,PANTONE 1799 C,1
PANTONE_1800_C,1800,C,PANTONE 1800 C,1
PANTONE_1801_C,1801,C,PANTONE 1801 C,1
PANTONE_1802_C,1802,C,PANTONE 1802 C,1
PANTONE_1803_C,1803,C,PANTONE 1803 C,1
PANTONE_1804_C,1804,C,PANTONE 1804 C,1
PANTONE_1805_C,1805,C,PANTONE 1805 C,1
PANTONE_1806_C,1806,C,PANTONE 1806 C,1
PANTONE_1807_C,1807,C,PANTONE 1807 C,1
PANTONE_1808_C,1808,C,PANTONE 1808 C,1
PANTONE_1809_C,1809,C,PANTONE 1809 C,1
PANTONE_1810_C,1810,C,PANTONE 1810 C,1
PANTONE_1811_C,1811,C,PANTONE 1811 C,1
PANTONE_1812_C,1812,C,PANTONE 1812 C,1
PANTONE_1813_C,1813,C,PANTONE 1813 C,1
PANTONE_1814_C,1814,C,PANTONE 1814 C,1
PANTONE_1815_C,1815,C,PANTONE 1815 C,1
PANTONE_1816_C,1816,C,PANTONE 1816 C,1
PANTONE_1817_C,1817,C,PANTONE 1817 C,1
PANTONE_1818_C,1818,C,PANTONE 1818 C,1
PANTONE_1819_C,1819,C,PANTONE 1819 C,1
PANTONE_1820_C,1820,C,PANTONE 1820 C,1
PANTONE_1821_C,1821,C,PANTONE 1821 C,1
PANTONE_1822_C,1822,C,PANTONE 1822 C,1
PANTONE_1823_C,1823,C,PANTONE 1823 C,1
PANTONE_1824_C,1824,C,PANTONE 1824 C,1
PANTONE_1825_C,1825,C,PANTONE 1825 C,1
PANTONE_1826_C,1826,C,PANTONE 1826 C,1
PANTONE_1827_C,1827,C,PANTONE 1827 C,1
PANTONE_1828_C,1828,C,PANTONE 1828 C,1
PANTONE_1829_C,1829,C,PANTONE 1829 C,1
PANTONE_1830_C,1830,C,PANTONE 1830 C,1
PANTONE_1831_C,1831,C,PANTONE 1831 C,1
PANTONE_1832_C,1832,C,PANTONE 1832 C,1
PANTONE_1833_C,1833,C,PANTONE 1833 C,1
PANTONE_1834_C,1834,C,PANTONE 1834 C,1
PANTONE_1835_C,1835,C,PANTONE 1835 C,1
PANTONE_1836_C,1836,C,PANTONE 1836 C,1
PANTONE_1837_C,1837,C,PANTONE 1837 C,1
PANTONE_1838_C,1838,C,PANTONE 1838 C,1
PANTONE_1839_C,1839,C,PANTONE 1839 C,1
PANTONE_1840_C,1840,C,PANTONE 1840 C,1
PANTONE_1841_C,1841,C,PANTONE 1841 C,1
PANTONE_1842_C,1842,C,PANTONE 1842 C,1
PANTONE_1843_C,1843,C,PANTONE 1843 C,1
PANTONE_1844_C,1844,C,PANTONE 1844 C,1
PANTONE_1845_C,1845,C,PANTONE 1845 C,1
PANTONE_1846_C,1846,C,PANTONE 1846 C,1
PANTONE_1847_C,1847,C,PANTONE 1847 C,1
PANTONE_1848_C,1848,C,PANTONE 1848 C,1
PANTONE_1849_C,1849,C,PANTONE 1849 C,1
PANTONE_1850_C,1850,C,PANTONE 1850 C,1
PANTONE_1851_C,1851,C,PANTONE 1851 C,1
PANTONE_1852_C,1852,C,PANTONE 1852 C,1
PANTONE_1853_C,1853,C,PANTONE 1853 C,1
PANTONE_1854_C,1854,C,PANTONE 1854 C,1
PANTONE_1855_C,1855,C,PANTONE 1855 C,1
PANTONE_1856_C,1856,C,PANTONE 1856 C,1
PANTONE_1857_C,1857,C,PANTONE 1857 C,1
PANTONE_1858_C,1858,C,PANTONE 1858 C,1
PANTONE_1859_C,1859,C,PANTONE 1859 C,1
PANTONE_1860_C,1860,C,PANTONE 1860 C,1
PANTONE_1861_C,1861,C,PANTONE 1861 C,1
PANTONE_1862_C,1862,C,PANTONE 1862 C,1
PANTONE_1863_C,1863,C,PANTONE 1863 C,1
PANTONE_1864_C,1864,C,PANTONE 1864 C,1
PANTONE_1865_C,1865,C,PANTONE 1865 C,1
PANTONE_1866_C,1866,C,PANTONE 1866 C,1
PANTONE_1867_C,1867,C,PANTONE 1867 C,1
PANTONE_1868_C,1868,C,PANTONE 1868 C,1
PANTONE_1869_C,1869,C,PANTONE 1869 C,1
PANTONE_1870_C,1870,C,PANTONE 1870 C,1
PANTONE_1871_C,1871,C,PANTONE 1871 C,1
PANTONE_1872_C,1872,C,PANTONE 1872 C,1
PANTONE_1873_C,1873,C,PANTONE 1873 C,1
PANTONE_1874_C,1874,C,PANTONE 1874 C,1
PANTONE_1875_C,1875,C,PANTONE 1875 C,1
PANTONE_1876_C,1876,C,PANTONE 1876 C,1
PANTONE_1877_C,1877,C,PANTONE 1877 C,1
PANTONE_1878_C,1878,C,PANTONE 1878 C,1
PANTONE_1879_C,1879,C,PANTONE 1879 C,1
PANTONE_1880_C,1880,C,PANTONE 1880 C,1
PANTONE_1881_C,1881,C,PANTONE 1881 C,1
PANTONE_1882_C,1882,C,PANTONE 1882 C,1
PANTONE_1883_C,1883,C,PANTONE 1883 C,1
PANTONE_1884_C,1884,C,PANTONE 1884 C,1
PANTONE_1885_C,1885,C,PANTONE 1885 C,1
PANTONE_1886_C,1886,C,PANTONE 1886 C,1
PANTONE_1887_C,1887,C,PANTONE 1887 C,1
PANTONE_1888_C,1888,C,PANTONE 1888 C,1
PANTONE_1889_C,1889,C,PANTONE 1889 C,1
PANTONE_1890_C,1890,C,PANTONE 1890 C,1
PANTONE_1891_C,1891,C,PANTONE 1891 C,1
PANTONE_1892_C,1892,C,PANTONE 1892 C,1
PANTONE_1893_C,1893,C,PANTONE 1893 C,1
PANTONE_1894_C,1894,C,PANTONE 1894 C,1
PANTONE_1895_C,1895,C,PANTONE 1895 C,1
PANTONE_1896_C,1896,C,PANTONE 1896 C,1
PANTONE_1897_C,1897,C,PANTONE 1897 C,1
PANTONE_1898_C,1898,C,PANTONE 1898 C,1
PANTONE_1899_C,1899,C,PANTONE 1899 C,1
PANTONE_1900_C,1900,C,PANTONE 1900 C,1
PANTONE_1901_C,1901,C,PANTONE 1901 C,1
PANTONE_1902_C,1902,C,PANTONE 1902 C,1
PANTONE_1903_C,1903,C,PANTONE 1903 C,1
PANTONE_1904_C,1904,C,PANTONE 1904 C,1
PANTONE_1905_C,1905,C,PANTONE 1905 C,1
PANTONE_1906_C,1906,C,PANTONE 1906 C,1
PANTONE_1907_C,1907,C,PANTONE 1907 C,1
PANTONE_1908_C,1908,C,PANTONE 1908 C,1
PANTONE_1909_C,1909,C,PANTONE 1909 C,1
PANTONE_1910_C,1910,C,PANTONE 1910 C,1
PANTONE_1911_C,1911,C,PANTONE 1911 C,1
PANTONE_1912_C,1912,C,PANTONE 1912 C,1
PANTONE_1913_C,1913,C,PANTONE 1913 C,1
PANTONE_1914_C,1914,C,PANTONE 1914 C,1
PANTONE_1915_C,1915,C,PANTONE 1915 C,1
PANTONE_1916_C,1916,C,PANTONE 1916 C,1
PANTONE_1917_C,1917,C,PANTONE 1917 C,1
PANTONE_1918_C,1918,C,PANTONE 1918 C,1
PANTONE_1919_C,1919,C,PANTONE 1919 C,1
PANTONE_1920_C,1920,C,PANTONE 1920 C,1
PANTONE_1921_C,1921,C,PANTONE 1921 C,1
PANTONE_1922_C,1922,C,PANTONE 1922 C,1
PANTONE_1923_C,1923,C,PANTONE 1923 C,1
PANTONE_1924_C,1924,C,PANTONE 1924 C,1
PANTONE_1925_C,1925,C,PANTONE 1925 C,1
PANTONE_1926_C,1926,C,PANTONE 1926 C,1
PANTONE_1927_C,1927,C,PANTONE 1927 C,1
PANTONE_1928_C,1928,C,PANTONE 1928 C,1
PANTONE_1929_C,1929,C,PANTONE 1929 C,1
PANTONE_1930_C,1930,C,PANTONE 1930 C,1
PANTONE_1931_C,1931,C,PANTONE 1931 C,1
PANTONE_1932_C,1932,C,PANTONE 1932 C,1
PANTONE_1933_C,1933,C,PANTONE 1933 C,1
PANTONE_1934_C,1934,C,PANTONE 1934 C,1
PANTONE_1935_C,1935,C,PANTONE 1935 C,1
PANTONE_1936_C,1936,C,PANTONE 1936 C,1
PANTONE_1937_C,1937,C,PANTONE 1937 C,1
PANTONE_1938_C,1938,C,PANTONE 1938 C,1
PANTONE_1939_C,1939,C,PANTONE 1939 C,1
PANTONE_1940_C,1940,C,PANTONE 1940 C,1
PANTONE_1941_C,1941,C,PANTONE 1941 C,1
PANTONE_1942_C,1942,C,PANTONE 1942 C,1
PANTONE_1943_C,1943,C,PANTONE 1943 C,1
PANTONE_1944_C,1944,C,PANTONE 1944 C,1
PANTONE_1945_C,1945,C,PANTONE 1945 C,1
PANTONE_1946_C,1946,C,PANTONE 1946 C,1
PANTONE_1947_C,1947,C,PANTONE 1947 C,1
PANTONE_1948_C,1948,C,PANTONE 1948 C,1
PANTONE_1949_C,1949,C,PANTONE 1949 C,1
PANTONE_1950_C,1950,C,PANTONE 1950 C,1
PANTONE_1951_C,1951,C,PANTONE 1951 C,1
PANTONE_1952_C,1952,C,PANTONE 1952 C,1
PANTONE_1953_C,1953,C,PANTONE 1953 C,1
PANTONE_1954_C,1954,C,PANTONE 1954 C,1
PANTONE_1955_C,1955,C,PANTONE 1955 C,1
PANTONE_1956_C,1956,C,PANTONE 1956 C,1
PANTONE_1957_C,1957,C,PANTONE 1957 C,1
PANTONE_1958_C,1958,C,PANTONE 1958 C,1
PANTONE_1959_C,1959,C,PANTONE 1959 C,1
PANTONE_1960_C,1960,C,PANTONE 1960 C,1
PANTONE_1961_C,1961,C,PANTONE 1961 C,1
PANTONE_1962_C,1962,C,PANTONE 1962 C,1
PANTONE_1963_C,1963,C,PANTONE 1963 C,1
PANTONE_1964_C,1964,C,PANTONE 1964 C,1
PANTONE_1965_C,1965,C,PANTONE 1965 C,1
PANTONE_1966_C,1966,C,PANTONE 1966 C,1
PANTONE_1967_C,1967,C,PANTONE 1967 C,1
PANTONE_1968_C,1968,C,PANTONE 1968 C,1
PANTONE_1969_C,1969,C,PANTONE 1969 C,1
PANTONE_1970_C,1970,C,PANTONE 1970 C,1
PANTONE_1971_C,1971,C,PANTONE 1971 C,1
PANTONE_1972_C,1972,C,PANTONE 1972 C,1
PANTONE_1973_C,1973,C,PANTONE 1973 C,1
PANTONE_1974_C,1974,C,PANTONE 1974 C,1
PANTONE_1975_C,1975,C,PANTONE 1975 C,1
PANTONE_1976_C,1976,C,PANTONE 1976 C,1
PANTONE_1977_C,1977,C,PANTONE 1977 C,1
PANTONE_1978_C,1978,C,PANTONE 1978 C,1
PANTONE_1979_C,1979,C,PANTONE 1979 C,1
PANTONE_1980_C,1980,C,PANTONE 1980 C,1
PANTONE_1981_C,1981,C,PANTONE 1981 C,1
PANTONE_1982_C,1982,C,PANTONE 1982 C,1
PANTONE_1983_C,1983,C,PANTONE 1983 C,1
PANTONE_1984_C,1984,C,PANTONE 1984 C,1
PANTONE_1985_C,1985,C,PANTONE 1985 C,1
PANTONE_1986_C,1986,C,PANTONE 1986 C,1
PANTONE_1987_C,1987,C,PANTONE 1987 C,1
PANTONE_1988_C,1988,C,PANTONE 1988 C,1
PANTONE_1989_C,1989,C,PANTONE 1989 C,1
PANTONE_1990_C,1990,C,PANTONE 1990 C,1
PANTONE_1991_C,1991,C,PANTONE 1991 C,1
PANTONE_1992_C,1992,C,PANTONE 1992 C,1
PANTONE_1993_C,1993,C,PANTONE 1993 C,1
PANTONE_1994_C,1994,C,PANTONE 1994 C,1
PANTONE_1995_C,1995,C,PANTONE 1995 C,1
PANTONE_1996_C,1996,C,PANTONE 1996 C,1
PANTONE_1997_C,1997,C,PANTONE 1997 C,1
PANTONE_1998_C,1998,C,PANTONE 1998 C,1
PANTONE_1999_C,1999,C,PANTONE 1999 C,1
PANTONE_2000_C,2000,C,PANTONE 2000 C,1
PANTONE_2001_C,2001,C,PANTONE 2001 C,1
PANTONE_2002_C,2002,C,PANTONE 2002 C,1
PANTONE_2003_C,2003,C,PANTONE 2003 C,1
PANTONE_2004_C,2004,C,PANTONE 2004 C,1
PANTONE_2005_C,2005,C,PANTONE 2005 C,1
PANTONE_2006_C,2006,C,PANTONE 2006 C,1
PANTONE_2007_C,2007,C,PANTONE 2007 C,1
PANTONE_2008_C,2008,C,PANTONE 2008 C,1
PANTONE_2009_C,2009,C,PANTONE 2009 C,1
PANTONE_2010_C,2010,C,PANTONE 2010 C,1
PANTONE_2011_C,2011,C,PANTONE 2011 C,1
PANTONE_2012_C,2012,C,PANTONE 2012 C,1
PANTONE_2013_C,2013,C,PANTONE 2013 C,1
PANTONE_2014_C,2014,C,PANTONE 2014 C,1
PANTONE_2015_C,2015,C,PANTONE 2015 C,1
PANTONE_2016_C,2016,C,PANTONE 2016 C,1
PANTONE_2017_C,2017,C,PANTONE 2017 C,1
PANTONE_2018_C,2018,C,PANTONE 2018 C,1
PANTONE_2019_C,2019,C,PANTONE 2019 C,1
PANTONE_2020_C,2020,C,PANTONE 2020 C,1
PANTONE_2021_C,2021,C,PANTONE 2021 C,1
PANTONE_2022_C,2022,C,PANTONE 2022 C,1
PANTONE_2023_C,2023,C,PANTONE 2023 C,1
PANTONE_2024_C,2024,C,PANTONE 2024 C,1
PANTONE_2025_C,2025,C,PANTONE 2025 C,1
PANTONE_2026_C,2026,C,PANTONE 2026 C,1
PANTONE_2027_C,2027,C,PANTONE 2027 C,1
PANTONE_2028_C,2028,C,PANTONE 2028 C,1
PANTONE_2029_C,2029,C,PANTONE 2029 C,1
PANTONE_2030_C,2030,C,PANTONE 2030 C,1
PANTONE_2031_C,2031,C,PANTONE 2031 C,1
PANTONE_2032_C,2032,C,PANTONE 2032 C,1
PANTONE_2033_C,2033,C,PANTONE 2033 C,1
PANTONE_2034_C,2034,C,PANTONE 2034 C,1
PANTONE_2035_C,2035,C,PANTONE 2035 C,1
PANTONE_2036_C,2036,C,PANTONE 2036 C,1
PANTONE_2037_C,2037,C,PANTONE 2037 C,1
PANTONE_2038_C,2038,C,PANTONE 2038 C,1
PANTONE_2039_C,2039,C,PANTONE 2039 C,1
PANTONE_2040_C,2040,C,PANTONE 2040 C,1
PANTONE_2041_C,2041,C,PANTONE 2041 C,1
PANTONE_2042_C,2042,C,PANTONE 2042 C,1
PANTONE_2043_C,2043,C,PANTONE 2043 C,1
PANTONE_2044_C,2044,C,PANTONE 2044 C,1
PANTONE_2045_C,2045,C,PANTONE 2045 C,1
PANTONE_2046_C,2046,C,PANTONE 2046 C,1
PANTONE_2047_C,2047,C,PANTONE 2047 C,1
PANTONE_2048_C,2048,C,PANTONE 2048 C,1
PANTONE_2049_C,2049,C,PANTONE 2049 C,1
PANTONE_2050_C,2050,C,PANTONE 2050 C,1
PANTONE_2051_C,2051,C,PANTONE 2051 C,1
PANTONE_2052_C,2052,C,PANTONE 2052 C,1
PANTONE_2053_C,2053,C,PANTONE 2053 C,1
PANTONE_2054_C,2054,C,PANTONE 2054 C,1
PANTONE_2055_C,2055,C,PANTONE 2055 C,1
PANTONE_2056_C,2056,C,PANTONE 2056 C,1
PANTONE_2057_C,2057,C,PANTONE 2057 C,1
PANTONE_2058_C,2058,C,PANTONE 2058 C,1
PANTONE_2059_C,2059,C,PANTONE 2059 C,1
PANTONE_2060_C,2060,C,PANTONE 2060 C,1
PANTONE_2061_C,2061,C,PANTONE 2061 C,1
PANTONE_2062_C,2062,C,PANTONE 2062 C,1
PANTONE_2063_C,2063,C,PANTONE 2063 C,1
PANTONE_2064_C,2064,C,PANTONE 2064 C,1
PANTONE_2065_C,2065,C,PANTONE 2065 C,1
PANTONE_2066_C,2066,C,PANTONE 2066 C,1
PANTONE_2067_C,2067,C,PANTONE 2067 C,1
PANTONE_2068_C,2068,C,PANTONE 2068 C,1
PANTONE_2069_C,2069,C,PANTONE 2069 C,1
PANTONE_2070_C,2070,C,PANTONE 2070 C,1
PANTONE_2071_C,2071,C,PANTONE 2071 C,1
PANTONE_2072_C,2072,C,PANTONE 2072 C,1
PANTONE_2073_C,2073,C,PANTONE 2073 C,1
PANTONE_2074_C,2074,C,PANTONE 2074 C,1
PANTONE_2075_C,2075,C,PANTONE 2075 C,1
PANTONE_2076_C,2076,C,PANTONE 2076 C,1
PANTONE_2077_C,2077,C,PANTONE 2077 C,1
PANTONE_2078_C,2078,C,PANTONE 2078 C,1
PANTONE_2079_C,2079,C,PANTONE 2079 C,1
PANTONE_2080_C,2080,C,PANTONE 2080 C,1
PANTONE_2081_C,2081,C,PANTONE 2081 C,1
PANTONE_2082_C,2082,C,PANTONE 2082 C,1
PANTONE_2083_C,2083,C,PANTONE 2083 C,1
PANTONE_2084_C,2084,C,PANTONE 2084 C,1
PANTONE_2085_C,2085,C,PANTONE 2085 C,1
PANTONE_2086_C,2086,C,PANTONE 2086 C,1
PANTONE_2087_C,2087,C,PANTONE 2087 C,1
PANTONE_2088_C,2088,C,PANTONE 2088 C,1
PANTONE_2089_C,2089,C,PANTONE 2089 C,1
PANTONE_2090_C,2090,C,PANTONE 2090 C,1
PANTONE_2091_C,2091,C,PANTONE 2091 C,1
PANTONE_2092_C,2092,C,PANTONE 2092 C,1
PANTONE_2093_C,2093,C,PANTONE 2093 C,1
PANTONE_2094_C,2094,C,PANTONE 2094 C,1
PANTONE_2095_C,2095,C,PANTONE 2095 C,1
PANTONE_2096_C,2096,C,PANTONE 2096 C,1
PANTONE_2097_C,2097,C,PANTONE 2097 C,1
PANTONE_2098_C,2098,C,PANTONE 2098 C,1
PANTONE_2099_C,2099,C,PANTONE 2099 C,1
PANTONE_2100_C,2100,C,PANTONE 2100 C,1
PANTONE_2101_C,2101,C,PANTONE 2101 C,1
PANTONE_2102_C,2102,C,PANTONE 2102 C,1
PANTONE_2103_C,2103,C,PANTONE 2103 C,1
PANTONE_2104_C,2104,C,PANTONE 2104 C,1
PANTONE_2105_C,2105,C,PANTONE 2105 C,1
PANTONE_2106_C,2106,C,PANTONE 2106 C,1
PANTONE_2107_C,2107,C,PANTONE 2107 C,1
PANTONE_2108_C,2108,C,PANTONE 2108 C,1
PANTONE_2109_C,2109,C,PANTONE 2109 C,1
PANTONE_2110_C,2110,C,PANTONE 2110 C,1
PANTONE_2111_C,2111,C,PANTONE 2111 C,1
PANTONE_2112_C,2112,C,PANTONE 2112 C,1
PANTONE_2113_C,2113,C,PANTONE 2113 C,1
PANTONE_2114_C,2114,C,PANTONE 2114 C,1
PANTONE_2115_C,2115,C,PANTONE 2115 C,1
PANTONE_2116_C,2116,C,PANTONE 2116 C,1
PANTONE_2117_C,2117,C,PANTONE 2117 C,1
PANTONE_2118_C,2118,C,PANTONE 2118 C,1
PANTONE_2119_C,2119,C,PANTONE 2119 C,1
PANTONE_2120_C,2120,C,PANTONE 2120 C,1
PANTONE_2121_C,2121,C,PANTONE 2121 C,1
PANTONE_2122_C,2122,C,PANTONE 2122 C,1
PANTONE_2123_C,2123,C,PANTONE 2123 C,1
PANTONE_2124_C,2124,C,PANTONE 2124 C,1
PANTONE_2125_C,2125,C,PANTONE 2125 C,1
PANTONE_2126_C,2126,C,PANTONE 2126 C,1
PANTONE_2127_C,2127,C,PANTONE 2127 C,1
PANTONE_2128_C,2128,C,PANTONE 2128 C,1
PANTONE_2129_C,2129,C,PANTONE 2129 C,1
PANTONE_2130_C,2130,C,PANTONE 2130 C,1
PANTONE_2131_C,2131,C,PANTONE 2131 C,1
PANTONE_2132_C,2132,C,PANTONE 2132 C,1
PANTONE_2133_C,2133,C,PANTONE 2133 C,1
PANTONE_2134_C,2134,C,PANTONE 2134 C,1
PANTONE_2135_C,2135,C,PANTONE 2135 C,1
PANTONE_2136_C,2136,C,PANTONE 2136 C,1
PANTONE_2137_C,2137,C,PANTONE 2137 C,1
PANTONE_2138_C,2138,C,PANTONE 2138 C,1
PANTONE_2139_C,2139,C,PANTONE 2139 C,1
PANTONE_2140_C,2140,C,PANTONE 2140 C,1
PANTONE_2141_C,2141,C,PANTONE 2141 C,1
PANTONE_2142_C,2142,C,PANTONE 2142 C,1
PANTONE_2143_C,2143,C,PANTONE 2143 C,1
PANTONE_2144_C,2144,C,PANTONE 2144 C,1
PANTONE_2145_C,2145,C,PANTONE 2145 C,1
PANTONE_2146_C,2146,C,PANTONE 2146 C,1
PANTONE_2147_C,2147,C,PANTONE 2147 C,1
PANTONE_2148_C,2148,C,PANTONE 2148 C,1
PANTONE_2149_C,2149,C,PANTONE 2149 C,1
PANTONE_2150_C,2150,C,PANTONE 2150 C,1
PANTONE_2151_C,2151,C,PANTONE 2151 C,1
PANTONE_2152_C,2152,C,PANTONE 2152 C,1
PANTONE_2153_C,2153,C,PANTONE 2153 C,1
PANTONE_2154_C,2154,C,PANTONE 2154 C,1
PANTONE_2155_C,2155,C,PANTONE 2155 C,1
PANTONE_2156_C,2156,C,PANTONE 2156 C,1
PANTONE_2157_C,2157,C,PANTONE 2157 C,1
PANTONE_2158_C,2158,C,PANTONE 2158 C,1
PANTONE_2159_C,2159,C,PANTONE 2159 C,1
PANTONE_2160_C,2160,C,PANTONE 2160 C,1
PANTONE_2161_C,2161,C,PANTONE 2161 C,1
PANTONE_2162_C,2162,C,PANTONE 2162 C,1
PANTONE_2163_C,2163,C,PANTONE 2163 C,1
PANTONE_2164_C,2164,C,PANTONE 2164 C,1
PANTONE_2165_C,2165,C,PANTONE 2165 C,1
PANTONE_2166_C,2166,C,PANTONE 2166 C,1
PANTONE_2167_C,2167,C,PANTONE 2167 C,1
PANTONE_2168_C,2168,C,PANTONE 2168 C,1
PANTONE_2169_C,2169,C,PANTONE 2169 C,1
PANTONE_2170_C,2170,C,PANTONE 2170 C,1
PANTONE_2171_C,2171,C,PANTONE 2171 C,1
PANTONE_2172_C,2172,C,PANTONE 2172 C,1
PANTONE_2173_C,2173,C,PANTONE 2173 C,1
PANTONE_2174_C,2174,C,PANTONE 2174 C,1
PANTONE_2175_C,2175,C,PANTONE 2175 C,1
PANTONE_2176_C,2176,C,PANTONE 2176 C,1
PANTONE_2177_C,2177,C,PANTONE 2177 C,1
PANTONE_2178_C,2178,C,PANTONE 2178 C,1
PANTONE_2179_C,2179,C,PANTONE 2179 C,1
PANTONE_2180_C,2180,C,PANTONE 2180 C,1
PANTONE_2181_C,2181,C,PANTONE 2181 C,1
PANTONE_2182_C,2182,C,PANTONE 2182 C,1
PANTONE_2183_C,2183,C,PANTONE 2183 C,1
PANTONE_2184_C,2184,C,PANTONE 2184 C,1
PANTONE_2185_C,2185,C,PANTONE 2185 C,1
PANTONE_2186_C,2186,C,PANTONE 2186 C,1
PANTONE_2187_C,2187,C,PANTONE 2187 C,1
PANTONE_2188_C,2188,C,PANTONE 2188 C,1
PANTONE_2189_C,2189,C,PANTONE 2189 C,1
PANTONE_2190_C,2190,C,PANTONE 2190 C,1
PANTONE_2191_C,2191,C,PANTONE 2191 C,1
PANTONE_2192_C,2192,C,PANTONE 2192 C,1
PANTONE_2193_C,2193,C,PANTONE 2193 C,1
PANTONE_2194_C,2194,C,PANTONE 2194 C,1
PANTONE_2195_C,2195,C,PANTONE 2195 C,1
PANTONE_2196_C,2196,C,PANTONE 2196 C,1
PANTONE_2197_C,2197,C,PANTONE 2197 C,1
PANTONE_2198_C,2198,C,PANTONE 2198 C,1
PANTONE_2199_C,2199,C,PANTONE 2199 C,1
PANTONE_2200_C,2200,C,PANTONE 2200 C,1
PANTONE_2201_C,2201,C,PANTONE 2201 C,1
PANTONE_2202_C,2202,C,PANTONE 2202 C,1
PANTONE_2203_C,2203,C,PANTONE 2203 C,1
PANTONE_2204_C,2204,C,PANTONE 2204 C,1
PANTONE_2205_C,2205,C,PANTONE 2205 C,1
PANTONE_2206_C,2206,C,PANTONE 2206 C,1
PANTONE_2207_C,2207,C,PANTONE 2207 C,1
PANTONE_2208_C,2208,C,PANTONE 2208 C,1
PANTONE_2209_C,2209,C,PANTONE 2209 C,1
PANTONE_2210_C,2210,C,PANTONE 2210 C,1
PANTONE_2211_C,2211,C,PANTONE 2211 C,1
PANTONE_2212_C,2212,C,PANTONE 2212 C,1
PANTONE_2213_C,2213,C,PANTONE 2213 C,1
PANTONE_2214_C,2214,C,PANTONE 2214 C,1
PANTONE_2215_C,2215,C,PANTONE 2215 C,1
PANTONE_2216_C,2216,C,PANTONE 2216 C,1
PANTONE_2217_C,2217,C,PANTONE 2217 C,1
PANTONE_2218_C,2218,C,PANTONE 2218 C,1
PANTONE_2219_C,2219,C,PANTONE 2219 C,1
PANTONE_2220_C,2220,C,PANTONE 2220 C,1
PANTONE_2221_C,2221,C,PANTONE 2221 C,1
PANTONE_2222_C,2222,C,PANTONE 2222 C,1
PANTONE_2223_C,2223,C,PANTONE 2223 C,1
PANTONE_2224_C,2224,C,PANTONE 2224 C,1
PANTONE_2225_C,2225,C,PANTONE 2225 C,1
PANTONE_2226_C,2226,C,PANTONE 2226 C,1
PANTONE_2227_C,2227,C,PANTONE 2227 C,1
PANTONE_2228_C,2228,C,PANTONE 2228 C,1
PANTONE_2229_C,2229,C,PANTONE 2229 C,1
PANTONE_2230_C,2230,C,PANTONE 2230 C,1
PANTONE_2231_C,2231,C,PANTONE 2231 C,1
PANTONE_2232_C,2232,C,PANTONE 2232 C,1
PANTONE_2233_C,2233,C,PANTONE 2233 C,1
PANTONE_2234_C,2234,C,PANTONE 2234 C,1
PANTONE_2235_C,2235,C,PANTONE 2235 C,1
PANTONE_2236_C,2236,C,PANTONE 2236 C,1
PANTONE_2237_C,2237,C,PANTONE 2237 C,1
PANTONE_2238_C,2238,C,PANTONE 2238 C,1
PANTONE_2239_C,2239,C,PANTONE 2239 C,1
PANTONE_2240_C,2240,C,PANTONE 2240 C,1
PANTONE_2241_C,2241,C,PANTONE 2241 C,1
PANTONE_2242_C,2242,C,PANTONE 2242 C,1
PANTONE_2243_C,2243,C,PANTONE 2243 C,1
PANTONE_2244_C,2244,C,PANTONE 2244 C,1
PANTONE_2245_C,2245,C,PANTONE 2245 C,1
PANTONE_2246_C,2246,C,PANTONE 2246 C,1
PANTONE_2247_C,2247,C,PANTONE 2247 C,1
PANTONE_2248_C,2248,C,PANTONE 2248 C,1
PANTONE_2249_C,2249,C,PANTONE 2249 C,1
PANTONE_2250_C,2250,C,PANTONE 2250 C,1
PANTONE_2251_C,2251,C,PANTONE 2251 C,1
PANTONE_2252_C,2252,C,PANTONE 2252 C,1
PANTONE_2253_C,2253,C,PANTONE 2253 C,1
PANTONE_2254_C,2254,C,PANTONE 2254 C,1
PANTONE_2255_C,2255,C,PANTONE 2255 C,1
PANTONE_2256_C,2256,C,PANTONE 2256 C,1
PANTONE_2257_C,2257,C,PANTONE 2257 C,1
PANTONE_2258_C,2258,C,PANTONE 2258 C,1
PANTONE_2259_C,2259,C,PANTONE 2259 C,1
PANTONE_2260_C,2260,C,PANTONE 2260 C,1
PANTONE_2261_C,2261,C,PANTONE 2261 C,1
PANTONE_2262_C,2262,C,PANTONE 2262 C,1
PANTONE_2263_C,2263,C,PANTONE 2263 C,1
PANTONE_2264_C,2264,C,PANTONE 2264 C,1
PANTONE_2265_C,2265,C,PANTONE 2265 C,1
PANTONE_2266_C,2266,C,PANTONE 2266 C,1
PANTONE_2267_C,2267,C,PANTONE 2267 C,1
PANTONE_2268_C,2268,C,PANTONE 2268 C,1
PANTONE_2269_C,2269,C,PANTONE 2269 C,1
PANTONE_2270_C,2270,C,PANTONE 2270 C,1
PANTONE_2271_C,2271,C,PANTONE 2271 C,1
PANTONE_2272_C,2272,C,PANTONE 2272 C,1
PANTONE_2273_C,2273,C,PANTONE 2273 C,1
PANTONE_2274_C,2274,C,PANTONE 2274 C,1
PANTONE_2275_C,2275,C,PANTONE 2275 C,1
PANTONE_2276_C,2276,C,PANTONE 2276 C,1
PANTONE_2277_C,2277,C,PANTONE 2277 C,1
PANTONE_2278_C,2278,C,PANTONE 2278 C,1
PANTONE_2279_C,2279,C,PANTONE 2279 C,1
PANTONE_2280_C,2280,C,PANTONE 2280 C,1
PANTONE_2281_C,2281,C,PANTONE 2281 C,1
PANTONE_2282_C,2282,C,PANTONE 2282 C,1
PANTONE_2283_C,2283,C,PANTONE 2283 C,1
PANTONE_2284_C,2284,C,PANTONE 2284 C,1
PANTONE_2285_C,2285,C,PANTONE 2285 C,1
PANTONE_2286_C,2286,C,PANTONE 2286 C,1
PANTONE_2287_C,2287,C,PANTONE 2287 C,1
PANTONE_2288_C,2288,C,PANTONE 2288 C,1
PANTONE_2289_C,2289,C,PANTONE 2289 C,1
PANTONE_2290_C,2290,C,PANTONE 2290 C,1
PANTONE_2291_C,2291,C,PANTONE 2291 C,1
PANTONE_2292_C,2292,C,PANTONE 2292 C,1
PANTONE_2293_C,2293,C,PANTONE 2293 C,1
PANTONE_2294_C,2294,C,PANTONE 2294 C,1
PANTONE_2295_C,2295,C,PANTONE 2295 C,1
PANTONE_2296_C,2296,C,PANTONE 2296 C,1
PANTONE_2297_C,2297,C,PANTONE 2297 C,1
PANTONE_2298_C,2298,C,PANTONE 2298 C,1
PANTONE_2299_C,2299,C,PANTONE 2299 C,1
PANTONE_2300_C,2300,C,PANTONE 2300 C,1
PANTONE_2301_C,2301,C,PANTONE 2301 C,1
PANTONE_2302_C,2302,C,PANTONE 2302 C,1
PANTONE_2303_C,2303,C,PANTONE 2303 C,1
PANTONE_2304_C,2304,C,PANTONE 2304 C,1
PANTONE_2305_C,2305,C,PANTONE 2305 C,1
PANTONE_2306_C,2306,C,PANTONE 2306 C,1
PANTONE_2307_C,2307,C,PANTONE 2307 C,1
PANTONE_2308_C,2308,C,PANTONE 2308 C,1
PANTONE_2309_C,2309,C,PANTONE 2309 C,1
PANTONE_2310_C,2310,C,PANTONE 2310 C,1
PANTONE_2311_C,2311,C,PANTONE 2311 C,1
PANTONE_2312_C,2312,C,PANTONE 2312 C,1
PANTONE_2313_C,2313,C,PANTONE 2313 C,1
PANTONE_2314_C,2314,C,PANTONE 2314 C,1
PANTONE_2315_C,2315,C,PANTONE 2315 C,1
PANTONE_2316_C,2316,C,PANTONE 2316 C,1
PANTONE_2317_C,2317,C,PANTONE 2317 C,1
PANTONE_2318_C,2318,C,PANTONE 2318 C,1
PANTONE_2319_C,2319,C,PANTONE 2319 C,1
PANTONE_2320_C,2320,C,PANTONE 2320 C,1
PANTONE_2321_C,2321,C,PANTONE 2321 C,1
PANTONE_2322_C,2322,C,PANTONE 2322 C,1
PANTONE_2323_C,2323,C,PANTONE 2323 C,1
PANTONE_2324_C,2324,C,PANTONE 2324 C,1
PANTONE_2325_C,2325,C,PANTONE 2325 C,1
PANTONE_2326_C,2326,C,PANTONE 2326 C,1
PANTONE_2327_C,2327,C,PANTONE 2327 C,1
PANTONE_2328_C,2328,C,PANTONE 2328 C,1
PANTONE_2329_C,2329,C,PANTONE 2329 C,1
PANTONE_2330_C,2330,C,PANTONE 2330 C,1
PANTONE_2331_C,2331,C,PANTONE 2331 C,1
PANTONE_2332_C,2332,C,PANTONE 2332 C,1
PANTONE_2333_C,2333,C,PANTONE 2333 C,1
PANTONE_2334_C,2334,C,PANTONE 2334 C,1
PANTONE_2335_C,2335,C,PANTONE 2335 C,1
PANTONE_2336_C,2336,C,PANTONE 2336 C,1
PANTONE_2337_C,2337,C,PANTONE 2337 C,1
PANTONE_2338_C,2338,C,PANTONE 2338 C,1
PANTONE_2339_C,2339,C,PANTONE 2339 C,1
PANTONE_2340_C,2340,C,PANTONE 2340 C,1
PANTONE_2341_C,2341,C,PANTONE 2341 C,1
PANTONE_2342_C,2342,C,PANTONE 2342 C,1
PANTONE_2343_C,2343,C,PANTONE 2343 C,1
PANTONE_2344_C,2344,C,PANTONE 2344 C,1
PANTONE_2345_C,2345,C,PANTONE 2345 C,1
PANTONE_2346_C,2346,C,PANTONE 2346 C,1
PANTONE_2347_C,2347,C,PANTONE 2347 C,1
PANTONE_2348_C,2348,C,PANTONE 2348 C,1
PANTONE_2349_C,2349,C,PANTONE 2349 C,1
PANTONE_2350_C,2350,C,PANTONE 2350 C,1
PANTONE_2351_C,2351,C,PANTONE 2351 C,1
PANTONE_2352_C,2352,C,PANTONE 2352 C,1
PANTONE_2353_C,2353,C,PANTONE 2353 C,1
PANTONE_2354_C,2354,C,PANTONE 2354 C,1
PANTONE_2355_C,2355,C,PANTONE 2355 C,1
PANTONE_2356_C,2356,C,PANTONE 2356 C,1
PANTONE_2357_C,2357,C,PANTONE 2357 C,1
PANTONE_2358_C,2358,C,PANTONE 2358 C,1
PANTONE_2359_C,2359,C,PANTONE 2359 C,1
PANTONE_2360_C,2360,C,PANTONE 2360 C,1
PANTONE_2361_C,2361,C,PANTONE 2361 C,1
PANTONE_2362_C,2362,C,PANTONE 2362 C,1
PANTONE_2363_C,2363,C,PANTONE 2363 C,1
PANTONE_2364_C,2364,C,PANTONE 2364 C,1
PANTONE_2365_C,2365,C,PANTONE 2365 C,1
PANTONE_2366_C,2366,C,PANTONE 2366 C,1
PANTONE_2367_C,2367,C,PANTONE 2367 C,1
PANTONE_2368_C,2368,C,PANTONE 2368 C,1
PANTONE_2369_C,2369,C,PANTONE 2369 C,1
PANTONE_2370_C,2370,C,PANTONE 2370 C,1
PANTONE_2371_C,2371,C,PANTONE 2371 C,1
PANTONE_2372_C,2372,C,PANTONE 2372 C,1
PANTONE_2373_C,2373,C,PANTONE 2373 C,1
PANTONE_2374_C,2374,C,PANTONE 2374 C,1
PANTONE_2375_C,2375,C,PANTONE 2375 C,1
PANTONE_2376_C,2376,C,PANTONE 2376 C,1
PANTONE_2377_C,2377,C,PANTONE 2377 C,1
PANTONE_2378_C,2378,C,PANTONE 2378 C,1
PANTONE_2379_C,2379,C,PANTONE 2379 C,1
PANTONE_2380_C,2380,C,PANTONE 2380 C,1
PANTONE_2381_C,2381,C,PANTONE 2381 C,1
PANTONE_2382_C,2382,C,PANTONE 2382 C,1
PANTONE_2383_C,2383,C,PANTONE 2383 C,1
PANTONE_2384_C,2384,C,PANTONE 2384 C,1
PANTONE_2385_C,2385,C,PANTONE 2385 C,1
PANTONE_2386_C,2386,C,PANTONE 2386 C,1
PANTONE_2387_C,2387,C,PANTONE 2387 C,1
PANTONE_2388_C,2388,C,PANTONE 2388 C,1
PANTONE_2389_C,2389,C,PANTONE 2389 C,1
PANTONE_2390_C,2390,C,PANTONE 2390 C,1
PANTONE_2391_C,2391,C,PANTONE 2391 C,1
PANTONE_2392_C,2392,C,PANTONE 2392 C,1
PANTONE_2393_C,2393,C,PANTONE 2393 C,1
PANTONE_2394_C,2394,C,PANTONE 2394 C,1
PANTONE_2395_C,2395,C,PANTONE 2395 C,1
PANTONE_2396_C,2396,C,PANTONE 2396 C,1
PANTONE_2397_C,2397,C,PANTONE 2397 C,1
PANTONE_2398_C,2398,C,PANTONE 2398 C,1
PANTONE_2399_C,2399,C,PANTONE 2399 C,1
